Q6468911,75144
Q6478447,15377
Q7169514,25942
Q7193709,29665
Q7227206,72690
Q7237376,258351
Q7370686,8899
Q7438285,17129
Q7449432,33806
Q7514043,39393
Q7553358,75316
Q7604197,45769
Q7636182,29312
Q7694156,72305
Q7697608,4916
Q7706559,41132
Q7709713,30437
Q15053666,75037
Q15277,16708
Q18216,15365
Q37525,4167
Q41353,36378
Q41576,27958
Q42038,18300
Q83320,48107
Q105522,27226
Q108200,17996
Q126657,39180
Q130365,17015
Q132428,35105
Q135068,311931
Q150668,43098
Q150694,32892
Q150717,41808
Q150843,45296
Q150988,32936
Q151733,44884
Q155746,7931
Q155883,31186
Q155890,41981
Q155954,63625
Q198504,10111
Q199877,16234
Q201090,16284
Q201370,51211
Q201872,7735
Q202998,10112
Q203174,9513
Q203618,116278
Q204030,33227
Q204594,28783
Q204714,49976
Q206844,28946
Q207442,32130
Q207843,16480
Q209155,17720
Q209157,62064
Q209205,16738
Q209284,32548
Q209332,35687
Q209355,52741
Q209370,15977
Q209373,52153
Q209381,46788
Q209388,16011
Q209450,27878
Q209453,16037
Q209460,16472
Q209463,49000
Q209474,16540
Q238382,51231
Q238474,356416
Q238477,20552
Q238532,27823
Q239569,2674
Q239778,77032
Q243547,6121
Q245825,30507
Q251347,5613
Q253118,49106
Q254296,6375
Q258591,31401
Q258734,35374
Q259075,16954
Q259930,29013
Q262613,59331
Q263713,63613
Q281082,100147
Q281547,29209
Q285790,45895
Q286112,10588
Q287415,16359
Q288051,9630
Q288104,17915
Q288208,74526
Q288236,17515
Q288266,32599
Q288782,22211
Q288927,30887
Q307532,61659
Q312708,28054
Q368995,35677
Q382984,29803
Q384111,3087
Q384295,5296
Q385937,28775
Q402601,17253
Q402607,1879
Q402719,16509
Q484583,26271
Q629632,36703
Q632384,32154
Q632405,51032
Q656269,16836
Q704048,17321
Q727742,38685
Q865956,41250
Q867332,4024
Q905835,120346
Q906102,9536
Q907160,6427
Q908770,58984
Q908865,3908
Q911196,31001
Q945537,518452
Q965311,39475
Q965955,30426
Q969337,75046
Q973741,75095
Q1563525,42298
Q1707877,1201185
Q1956404,34047
Q1956953,238698
Q1998031,5019
Q2135917,52445
Q2188828,30418
Q2341200,110423
Q20994,44445
Q23767,3311
Q27335,207496
Q28747,44409
Q29397,34887
Q116907,60836
Q139307,17933
Q142871,28425
Q143252,53251
Q144085,8212
Q144362,31249
Q146368,53243
Q52858,42266
Q58356,2675
Q58376,5123
Q58397,2666
Q58713,47780
Q586501,17030
Q521173,65344
Q524995,50223
Q2701638,17687
Q2701912,3750
Q2705171,10447
Q2708007,15664
Q2709086,58262
Q2709182,30253
Q3121121,618213
Q3122143,8255
Q3123708,46762
Q3381500,17526
Q3381501,16500
Q3409065,14885
Q3544944,38732
Q3591986,30085
Q3597767,16485
Q3599043,59026
Q3733839,50777
Q4214591,53014
Q5289051,16214
Q5303681,59819
Q5308606,31523
Q7033077,7569
Q7050960,7628
Q7119490,73290
Q7688892,16525
Q7688896,9410
Q7706545,28320
Q7843284,30537
Q7843285,30473
Q10354103,8427
Q307661,17533
Q309527,17458
Q310828,61599
Q310919,16958
Q312205,17460
Q312266,3962
Q314036,30114
Q418197,53578
Q418201,3697
Q418214,30653
Q418354,34761
Q418408,609827
Q418448,34683
Q418469,28819
Q418492,17747
Q418508,40009
Q418546,161680
Q418599,36062
Q418628,37659
Q418819,4953
Q418826,17553
Q418831,52052
Q418834,16610
Q418837,46751
Q418842,6731
Q418865,16077
Q419096,45993
Q419127,33015
Q419143,2704
Q419164,17594
Q419175,8050
Q419226,18040
Q419355,39178
Q419394,9130
Q419442,2866
Q419513,28145
Q419550,8247
Q419608,9468
Q419652,4315
Q419663,50673
Q419711,30521
Q419715,53473
Q419775,36303
Q419820,2950
Q419822,8459
Q419926,32221
Q419930,36616
Q419995,2639
Q420009,4495
Q420082,76114
Q420098,39169
Q420284,945
Q420364,7956
Q420436,4672
Q420439,4604
Q420445,17802
Q420571,9588
Q420633,17111
Q420634,37339
Q420680,29839
Q420731,31003
Q420859,7820
Q420886,4513
Q420899,31304
Q421035,43799
Q421072,8673
Q421094,5801
Q421119,3380
Q421129,59424
Q421178,17381
Q421188,37771
Q421193,50305
Q421204,2533
Q421239,7959
Q421301,4995
Q421336,4562
Q421352,7627
Q421365,51845
Q421371,34714
Q421385,59051
Q421412,33031
Q421500,27130
Q421598,39164
Q421748,15767
Q421751,17194
Q421809,609247
Q421888,18219
Q421902,46807
Q421964,16112
Q422067,28838
Q422087,30786
Q422112,6887
Q422134,6872
Q422210,7772
Q422257,4388
Q422305,28429
Q422343,34838
Q422416,16469
Q422438,3638
Q422457,17256
Q422464,17748
Q422511,16356
Q422538,17562
Q422597,30776
Q422604,31536
Q422642,33143
Q422782,4670
Q422802,37820
Q422863,29023
Q422970,8461
Q423075,3561
Q423083,37144
Q423111,63637
Q423216,40822
Q423225,27904
Q423323,30096
Q423341,48248
Q423364,8499
Q423401,6062
Q423428,3745
Q423515,2814
Q423520,8028
Q423556,47875
Q423710,38913
Q423751,6532
Q423839,5583
Q423876,29069
Q424027,28001
Q424172,7815
Q424257,30704
Q424294,46659
Q424312,9622
Q424319,28669
Q424409,17672
Q424446,51164
Q424531,51438
Q424577,17221
Q424581,55413
Q424597,15746
Q424649,52249
Q424771,50122
Q424936,39618
Q424939,34703
Q424976,17336
Q425004,28824
Q425015,32215
Q425046,30929
Q425097,44932
Q425111,135538
Q425122,47898
Q425172,30463
Q425289,3654
Q425376,30968
Q425380,28891
Q425386,4724
Q425446,53181
Q425536,16742
Q425680,28834
Q425950,60193
Q426185,50743
Q426373,34801
Q426386,66913
Q427179,48552
Q481757,31159
Q481822,49029
Q14931586,31432
Q15046450,50466
Q193978,48390
Q204036,16731
Q204954,35176
Q205517,10119
Q207051,15891
Q277785,8024
Q279055,30496
Q282003,32888
Q284072,28768
Q284321,6717
Q284367,28009
Q284959,30753
Q285687,35621
Q287629,23995
Q289357,24103
Q335099,31530
Q342721,50756
Q342939,28619
Q342968,28217
Q343309,2443
Q368222,38010
Q368941,47782
Q369309,37376
Q373365,76181
Q375145,60312
Q407131,38358
Q407241,8069
Q407431,10033
Q407520,28741
Q407577,278547
Q407605,32592
Q407699,36306
Q407768,28097
Q407841,28487
Q407939,75249
Q408413,53806
Q408427,9337
Q408524,4027
Q408556,6438
Q408570,18358
Q408634,4883
Q408652,15930
Q408676,8249
Q408717,63587
Q408822,24857
Q408876,10319
Q408883,27607
Q409202,17544
Q409236,5138
Q409332,348530
Q409361,75584
Q409397,28579
Q409478,16243
Q409492,3699
Q409501,37583
Q409602,33093
Q409658,29031
Q409665,4659
Q409672,3723
Q409687,58499
Q409739,31338
Q409882,28599
Q409926,29291
Q409981,6794
Q410198,15729
Q410215,17019
Q410237,37941
Q410291,9948
Q410358,2549
Q410387,16000
Q410435,3023
Q410534,6923
Q410663,5120
Q410772,17300
Q410922,31624
Q411073,31328
Q411076,30163
Q411078,3165
Q411119,15862
Q411159,4975
Q411216,46261
Q411235,50821
Q411301,30494
Q411305,30123
Q411325,2904
Q411362,30347
Q411417,3534
Q411457,9654
Q411646,27701
Q411697,6758
Q411730,34837
Q411757,51206
Q411768,33835
Q411799,6441
Q411859,36383
Q411876,37372
Q412024,4042
Q412133,4466
Q412158,16581
Q412164,31413
Q412174,64356
Q412236,10023
Q412260,615597
Q412304,9330
Q412393,37758
Q412398,30508
Q412486,40279
Q412589,28012
Q412701,17456
Q412727,16848
Q412814,6673
Q412827,65585
Q412895,27641
Q413079,31007
Q413089,39260
Q413334,18231
Q413374,35437
Q413407,30525
Q413421,59050
Q413486,4636
Q413504,48131
Q413677,38848
Q413683,73716
Q413822,57485
Q413904,38661
Q413961,9754
Q414042,7733
Q414116,16433
Q414157,15611
Q414207,41131
Q414275,27999
Q414283,55379
Q414421,32807
Q414553,16605
Q414626,48843
Q414644,29914
Q414695,29249
Q414754,2781
Q414788,9073
Q414806,50292
Q414909,30588
Q414915,34631
Q414945,40595
Q414986,17263
Q415090,3390
Q415167,3478
Q415183,53556
Q415190,41275
Q415335,18323
Q415358,51994
Q415446,425902
Q415472,5009
Q415550,6046
Q415659,888
Q415723,39106
Q415739,474053
Q415811,30443
Q415843,9332
Q416132,3077
Q416144,33152
Q416196,27510
Q416206,45081
Q416260,9908
Q416310,49499
Q416375,74571
Q416431,4639
Q416487,35739
Q416618,32425
Q416655,15997
Q416740,4792
Q416745,37894
Q416791,4710
Q416900,51247
Q416958,48408
Q416978,10650
Q417013,30444
Q417174,60072
Q417204,6838
Q417222,6888
Q417426,34591
Q417595,51999
Q417630,47943
Q417831,17189
Q417891,34785
Q417934,28266
Q418011,28925
Q418123,76004
Q418145,3738
Q418183,34692
Q418192,50859
Q767025,67125
Q773449,18332
Q774909,15627
Q779427,28924
Q784717,4814
Q949232,10432
Q953294,28103
Q975059,71025
Q981152,46032
Q1101052,32817
Q1105900,31749
Q1107734,4629
Q1109018,4474
Q1874427,17713
Q3094785,503442
Q3109309,15757
Q3429675,31227
Q4381828,18419
Q5002528,27725
Q5003189,50724
Q5015902,407575
Q2025,17245
Q3515,8768
Q4329,6499
Q171877,16240
Q174723,16714
Q175718,48500
Q180341,16811
Q180912,16796
Q181559,36773
Q181619,28300
Q182849,31341
Q372725,9544
Q375837,30778
Q376994,34039
Q684379,75922
Q733186,9434
Q737743,681848
Q742266,61203
Q774795,48861
Q808845,3508
Q822884,71028
Q1185089,3242
Q1530958,309594
Q2153134,33204
Q2154494,76018
Q2209035,36769
Q2737856,51805
Q2739877,32389
Q2739953,15342
Q2742455,15918
Q2786508,30201
Q2806929,28667
Q2815988,16207
Q2817108,2710
Q2823212,27389
Q2823215,18064
Q2823218,27401
Q2823224,15999
Q2823230,28209
Q2823234,57869
Q2823242,38384
Q2823249,16423
Q2823283,43945
Q2823286,7027
Q3024044,15651
Q3026454,30102
Q3027844,18392
Q3028468,39183
Q3614347,27413
Q3617574,133809
Q3633651,553827
Q3637540,28098
Q4348178,42223
Q4358522,28631
Q4921678,32161
Q5023018,435273
Q5030940,73274
Q5037885,61308
Q5370305,4779
Q5382412,541975
Q5508613,38225
Q5516429,31643
Q5522008,27587
Q7301989,135511
Q43656,16113
Q45050,32192
Q45143,29813
Q46298,26743
Q47118,28903
Q49546,15347
Q50980,17712
Q60168,27808
Q61416,16960
Q69488,1391
Q71969,6824
Q80250,30365
Q211433,29005
Q211737,32149
Q211891,25567
Q211972,30672
Q216852,30660
Q219626,15407
Q219957,10127
Q161296,18853
Q161471,28534
Q161514,16109
Q161632,16125
Q161655,50450
Q161656,50717
Q161660,32918
Q162541,50567
Q164785,35697
Q165930,15760
Q168790,48080
Q169313,16235
Q169326,10106
Q170304,18243
Q183554,28915
Q184782,26078
Q186257,52993
Q186969,5855
Q187487,254496
Q188261,17258
Q189522,15854
Q190875,17650
Q191381,32111
Q191521,58987
Q192454,28816
Q192717,17076
Q193140,28346
Q193213,30772
Q193521,32234
Q193572,16914
Q196680,50820
Q267669,3721
Q267813,16866
Q271980,33216
Q273169,3374
Q290001,31654
Q291271,104011
Q292393,44485
Q297592,45571
Q300850,28857
Q338869,28509
Q338965,48498
Q341304,73185
Q342108,2430
Q342713,36420
Q342790,15368
Q347337,267413
Q347392,17183
Q348922,28901
Q351461,40519
Q407125,33130
Q407189,49706
Q407217,28969
Q407258,31346
Q407318,24757
Q407329,45713
Q407473,27561
Q407548,6637
Q407560,15440
Q407613,33979
Q407635,15346
Q407654,16382
Q407849,35696
Q407905,48242
Q407927,28262
Q407972,3647
Q407988,3756
Q408032,42191
Q408050,28887
Q408384,17362
Q408446,74274
Q408529,2637
Q408641,18211
Q408646,164200
Q408658,30744
Q408663,16633
Q408709,8746
Q408794,3614
Q408859,18088
Q408898,33135
Q408977,28445
Q409057,49464
Q409133,47554
Q409141,30969
Q409231,49662
Q409357,24786
Q409366,6570
Q409587,7465
Q409592,16598
Q409618,16016
Q409641,28411
Q409799,38682
Q409824,16399
Q409953,41039
Q410074,6541
Q410169,9519
Q410174,6504
Q410179,9561
Q410228,2700
Q410305,17368
Q410431,59059
Q410471,64328
Q410608,3228
Q410612,24073
Q410677,64983
Q410683,31709
Q410698,62150
Q410712,61278
Q410836,17447
Q410915,17097
Q410935,38587
Q410968,27729
Q411046,9546
Q411188,31236
Q411413,50186
Q411435,30263
Q411542,28909
Q411775,27503
Q411840,35456
Q412025,55365
Q412113,30951
Q412194,3223
Q412208,43755
Q412226,10093
Q412281,9171
Q412327,52172
Q412383,44454
Q412479,6775
Q412567,27991
Q412659,31980
Q412713,3703
Q412784,38817
Q412803,18089
Q412845,36386
Q413006,51903
Q413135,30420
Q413184,53760
Q413262,17907
Q413349,18170
Q413426,43732
Q413447,14750
Q413454,41865
Q413481,38531
Q413546,3764
Q413552,16891
Q413598,8404
Q413624,33014
Q413740,40968
Q413744,73044
Q413816,35596
Q414143,175901
Q414168,27376
Q414242,4110
Q414357,8489
Q414395,17098
Q414430,51497
Q414458,26307
Q414462,72296
Q414518,75215
Q414537,30372
Q414560,66870
Q414567,75229
Q414583,18315
Q414606,412516
Q414738,30065
Q414783,42170
Q414784,4999
Q414904,601027
Q414996,16521
Q415062,16135
Q415113,37288
Q415233,49155
Q415242,24564
Q415347,48300
Q415398,53486
Q415401,4702
Q415465,51687
Q415507,30178
Q415563,4903
Q415768,57959
Q415798,71629
Q415837,6604
Q415850,2673
Q415877,37585
Q415885,28661
Q415925,27585
Q415939,28830
Q416065,16486
Q416077,3567
Q416096,27779
Q416113,59858
Q416138,6052
Q416248,52093
Q416283,39176
Q416410,5141
Q416416,30627
Q416451,2038
Q416503,160246
Q416567,15554
Q416584,7582
Q416632,7494
Q416667,6715
Q416682,28747
Q416713,9254
Q416760,6759
Q416950,6443
Q416972,167899
Q417035,32905
Q417219,9249
Q417555,75988
Q417557,39832
Q417614,34757
Q417625,27504
Q417642,46736
Q417740,40303
Q417765,8228
Q417788,27616
Q417816,38916
Q417897,100246
Q417902,8802
Q418031,2953
Q418082,27612
Q418086,51210
Q418157,8080
Q418164,48943
Q418179,575568
Q418235,75228
Q418284,33013
Q418318,32915
Q418369,114785
Q418386,39501
Q418437,28123
Q418463,48858
Q418510,75221
Q418529,50667
Q418592,29851
Q418594,35854
Q418661,566274
Q418666,48669
Q418669,5132
Q418705,15939
Q418719,31991
Q418813,50462
Q418846,28481
Q418850,3761
Q418857,2379
Q418860,16710
Q418966,30677
Q418975,28813
Q418993,17745
Q419028,16755
Q419047,28727
Q419059,3084
Q419186,64318
Q419308,28986
Q419383,4445
Q419413,29250
Q419430,9307
Q419468,453011
Q419521,3510
Q419555,53094
Q419618,4356
Q419621,27986
Q419646,50838
Q419729,35102
Q419746,35600
Q419769,51450
Q419802,15724
Q419806,35458
Q419808,59560
Q419814,10280
Q419832,40237
Q419890,5130
Q419939,4708
Q420026,3172
Q420051,43415
Q420057,2567
Q420133,52010
Q420156,72013
Q420172,3015
Q420186,4974
Q420207,31348
Q420233,46702
Q420314,6601
Q420354,48707
Q420377,6916
Q420454,8452
Q420554,15739
Q420577,44811
Q420590,8888
Q420622,34690
Q420657,50569
Q420695,53782
Q420704,50834
Q420715,49073
Q420909,295745
Q420998,27710
Q421076,45980
Q421154,36601
Q421183,5706
Q421218,31632
Q421230,2922
Q421328,17922
Q421351,29081
Q421420,955
Q421426,38826
Q421469,38630
Q421614,10357
Q421637,31414
Q421709,7466
Q421713,29007
Q421721,27856
Q421736,47077
Q421742,47855
Q421758,39275
Q421773,16551
Q421873,17113
Q421910,8093
Q421930,6950
Q422037,28851
Q422194,6704
Q422232,44185
Q422442,60648
Q422613,30813
Q422689,6359
Q422698,33119
Q422703,30362
Q422723,30358
Q422761,59033
Q422942,37601
Q422964,17033
Q423055,38825
Q423065,39285
Q423129,2761
Q423198,27605
Q423233,28587
Q423271,49900
Q423288,47781
Q423308,3286
Q423327,608828
Q423390,51380
Q423393,9321
Q423408,16163
Q423417,36704
Q423467,37924
Q423551,265740
Q423762,45863
Q423842,9349
Q423953,18139
Q424169,51240
Q424284,30953
Q424342,27909
Q424459,32888
Q424484,28592
Q424508,4822
Q424680,16311
Q424696,17939
Q424751,41948
Q424902,15410
Q424906,33508
Q424972,8382
Q425078,30821
Q425088,72564
Q425119,31264
Q425120,4657
Q425161,34833
Q425207,7443
Q425210,51370
Q425241,27086
Q425257,38583
Q425340,44557
Q425346,47220
Q425378,38508
Q425389,116509
Q425409,5835
Q425431,27448
Q425440,76128
Q425470,1580
Q425473,16513
Q425490,44032
Q425620,25979
Q425654,68575
Q425702,9144
Q425838,200929
Q425894,46024
Q425928,296881
Q425946,45906
Q426278,36621
Q546434,3437
Q599160,2946
Q663909,18280
Q670131,9150
Q847399,50693
Q849881,29412
Q850729,3238
Q853845,37928
Q899074,9300
Q899683,35595
Q901018,30958
Q902094,39421
Q903566,545959
Q2080986,15441
Q2083871,9107
Q2645019,34567
Q2667856,522208
Q2669545,33114
Q7072006,18125
Q7076696,41527
Q283,15377
Q614788,4828
Q619815,15430
Q622421,48430
Q760735,33179
Q761111,38814
Q761117,35261
Q764283,31578
Q821641,44241
Q1075324,3650
Q1075376,33128
Q1963663,5032
Q1994556,5098
Q2014797,6129
Q2057079,51340
Q2102184,39118
Q2103461,73172
Q2146170,68584
Q2298283,28876
Q2313471,4511
Q2533785,33098
Q2535800,29314
Q3045264,4858
Q3048301,38430
Q3049725,35817
Q3050386,4781
Q3381827,15618
Q3560509,33079
Q3664175,59343
Q3728177,3398
Q3746835,5106
Q3746837,76154
Q3788669,46785
Q3790542,9342
Q3801359,68855
Q221945,34247
Q223066,18721
Q223412,174690
Q229970,30763
Q332211,2635
Q337188,16794
Q528995,36946
Q554297,4913
Q794152,37937
Q794810,17138
Q796619,9053
Q834660,355377
Q928378,10100
Q931335,48240
Q935761,2679
Q951449,18152
Q962705,23966
Q1060922,7856
Q1067123,30837
Q1073333,4728
Q1074056,9667
Q1082882,36392
Q1082890,52701
Q1088474,25935
Q1089206,52053
Q1091415,16802
Q1169164,3013
Q1645622,74500
Q1770257,24814
Q1900206,39385
Q2535469,287979
Q2623529,46324
Q2633879,75178
Q2639429,15345
Q2858300,15932
Q2875086,2945
Q2879363,2979
Q2879368,2981
Q2937964,554299
Q2964394,35519
Q2967432,16514
Q2981150,28956
Q2996215,27663
Q3040325,15721
Q3047647,35528
Q3234577,39397
Q3238432,32397
Q3244815,36008
Q3245422,45822
Q3342150,7577
Q3347078,25492
Q3814728,16726
Q3837481,50848
Q3844407,16910
Q4261972,32399
Q4596772,64344
Q4596786,59984
Q4596801,28457
Q4596886,38118
Q4596897,28955
Q4596923,147599
Q4634065,27978
Q4634163,16208
Q4637069,49260
Q4639580,48292
Q4642878,65790
Q4644272,59771
Q4651471,73338
Q4663245,76005
Q4673274,28052
Q4673299,53773
Q4690888,31028
Q4712900,71023
Q4859329,3205
Q4860821,28409
Q4882925,61076
Q4890814,27662
Q4906733,75437
Q5008232,61333
Q5057238,3489
Q5057286,3491
Q5058318,51763
Q5063335,15776
Q5065296,171741
Q5102983,3619
Q5134338,74460
Q5138908,72291
Q5205021,2003
Q5221745,17989
Q5754240,18418
Q6128335,48509
Q1984429,48286
Q1995108,5768
Q1996756,68534
Q2024187,17700
Q2030844,61092
Q2354337,18303
Q2364821,27684
Q2365493,6121
Q2365760,48397
Q2376404,46750
Q2380192,34565
Q2410244,29208
Q2415193,39348
Q2521416,53619
Q2601530,3480
Q2601832,9587
Q2602750,39669
Q2603363,3640
Q2609815,35290
Q2613101,43295
Q2896784,51344
Q2908011,8630
Q3077501,75172
Q3079150,17284
Q3082228,29273
Q3151473,16039
Q3155537,310312
Q3155592,17965
Q3205874,27374
Q3266724,37627
Q3268860,35890
Q3272916,199755
Q3277208,279920
Q3288610,1148
Q3496452,50867
Q3554956,48363
Q3576424,18252
Q3771739,29919
Q4759444,65408
Q4832566,51758
Q4838949,61338
Q5919049,5078
Q6095693,66901
Q6445839,28428
Q6703239,43661
Q6710338,36284
Q6763659,50662
Q6827850,600520
Q7247550,28472
Q7247553,75630
Q7247558,75619
Q7247561,75618
Q7272330,53700
Q7363205,61080
Q7939167,36372
Q15313798,49189
Q15366934,65347
Q15425275,319291
Q15426987,75644
Q2467555,5195
Q2468763,48362
Q2468963,62631
Q2474643,42330
Q2496351,45064
Q2496906,32114
Q2570844,68841
Q2598317,16666
Q3335996,76254
Q3877355,50378
Q3877880,75913
Q3878510,16841
Q3915149,28548
Q3927871,8716
Q3976823,102265
Q3976824,9331
Q3983108,51817
Q3992411,71941
Q4116192,76258
Q4117655,36953
Q4119838,31336
Q4119955,37867
Q4198750,64366
Q4199443,65173
Q4380955,217301
Q4382082,16768
Q4382200,17356
Q4498271,16900
Q4545656,38583
Q4545688,37418
Q4545790,28415
Q4545792,113454
Q4545806,34440
Q4551082,27771
Q4552287,65324
Q4733858,53778
Q4734914,48295
Q4734921,66359
Q4745976,75915
Q4747227,28646
Q4788719,75642
Q5161074,16547
Q5175227,3900
Q5192453,73169
Q5255128,4391
Q5264872,32540
Q5266508,34673
Q5275251,4534
Q5275253,76130
Q5277345,30671
Q5277350,59781
Q5279654,30799
Q5283667,29253
Q5332934,65819
Q5408256,67374
Q5462879,50314
Q6004010,29339
Q6025416,52084
Q6527408,48983
Q6652696,75441
Q6794110,76207
Q6890329,76252
Q6898425,75382
Q6913266,30815
Q6951387,44482
Q6952342,29132
Q6955228,73458
Q10859486,63432
Q10859790,55502
Q10860583,17750
Q10956642,49644
Q15628176,17268
Q15633963,65502
Q6577315,32166
Q7600428,71690
Q7784665,61099
Q7784690,59119
Q7802926,73041
Q7862883,73357
Q8045997,52947
Q13019044,51208
Q15708280,28031
Q15720562,59685
Q15724721,35940
Q15726011,50476
Q1997,16526
Q2468,29228
Q4087,16134
Q4369,17724
Q4370,116314
Q5282,18422
Q7389148,73297
Q11172462,29357
Q12161794,245409
Q15410964,30427
Q14985,28831
Q16391,28885
Q18225,17336
Q37129,16183
Q38224,17947
Q39111,7565
Q251698,2636
Q255564,35616
Q258450,18208
Q259546,48066
Q262270,1387
Q376061,17621
Q379089,32600
Q382897,34840
Q385657,3362
Q387276,144234
Q387320,37610
Q560542,3901
Q1050019,3393
Q1053817,39390
Q1061007,53581
Q2190150,38803
Q2197890,4613
Q2252158,27036
Q2423089,42023
Q2435355,44177
Q2439845,31439
Q2622539,33070
Q2628525,51055
Q2704310,16978
Q2705859,15650
Q2712733,10275
Q2746995,40782
Q2747851,76978
Q2758338,4907
Q2759348,76172
Q3289251,19144
Q3291714,39427
Q3292273,7789
Q3294630,3655
Q3302015,16746
Q3304162,36812
Q3486981,31618
Q3489153,28374
Q3497595,27140
Q3935297,45304
Q4545645,18082
Q4545647,18859
Q4545692,37150
Q4545778,61327
Q4545797,35455
Q4566032,40813
Q4567614,8764
Q4596742,28094
Q4596805,17681
Q4596898,42438
Q4596909,1224
Q4602542,16265
Q4673271,72475
Q4673284,2401
Q4674217,74545
Q4674302,74619
Q5057214,34613
Q5059026,69356
Q5103213,3641
Q5470178,36657
Q7168152,39428
Q7168161,38397
Q7180497,59141
Q7181228,8048
Q7181415,17884
Q7249694,73390
Q7271328,17730
Q7280510,556075
Q7387052,497734
Q7406319,17225
Q7577785,64207
Q7695658,71229
Q7697684,30477
Q7701370,76277
Q7706553,311872
Q7706555,16563
Q9207472,27404
Q28917,27452
Q30582,27384
Q52353,17987
Q52822,28119
Q83187,33283
Q114174,16217
Q116472,8645
Q120199,48635
Q133145,133145
Q133572,29451
Q133878,18230
Q137220,6674
Q139195,17823
Q169960,7872
Q171833,33270
Q171973,17821
Q173670,29016
Q177094,45783
Q178425,16040
Q180623,15355
Q181003,27897
Q238475,75055
Q238490,5100
Q238512,46345
Q238535,76792
Q239426,50729
Q240642,39867
Q241049,271436
Q241150,2654
Q241516,1201724
Q242627,19203
Q242715,29384
Q243354,23012
Q245280,17317
Q265352,101096
Q270162,48981
Q274980,51675
Q290828,18361
Q290862,27924
Q300989,15765
Q304088,53766
Q304330,421707
Q306051,29865
Q306135,17579
Q306140,30915
Q306338,36007
Q318369,16027
Q319877,2611
Q321068,28987
Q324628,18308
Q357415,30832
Q549803,554446
Q2550553,8273
Q2555060,9328
Q2555245,5004
Q2567125,40933
Q2675470,48141
Q2723146,31162
Q2736126,124991
Q2736873,51141
Q2740966,72289
Q4347890,9925
Q4348652,76287
Q4353545,30933
Q4363460,32598
Q4735269,74895
Q4735601,449909
Q4742041,31199
Q4747973,38944
Q4784668,37922
Q4924638,75258
Q4946108,18427
Q5199066,31448
Q5508491,31638
Q5520259,58200
Q5927934,76606
Q5931085,8695
Q5933737,32304
Q5954317,5776
Q5954721,50851
Q7157043,71219
Q7311555,6872
Q7331160,45478
Q7352935,68327
Q7383611,66919
Q7917921,32292
Q58221,27781
Q58375,9566
Q59412,32243
Q59712,30288
Q61233,18295
Q61298,57988
Q158348,18145
Q159683,30769
Q161210,16842
Q161264,34024
Q161297,35566
Q161457,52682
Q161475,18882
Q161484,73755
Q161495,16997
Q161496,52683
Q161498,15725
Q161597,48087
Q161617,28878
Q165660,2914
Q166476,391960
Q181136,18237
Q181354,15956
Q183309,42820
Q185076,17514
Q186093,18067
Q187045,33118
Q190020,24556
Q192466,17230
Q192838,20502
Q193166,15354
Q209120,32849
Q209143,30351
Q209180,47696
Q209188,27903
Q209222,28854
Q209275,16488
Q209286,51596
Q209328,16413
Q209354,28200
Q209364,39174
Q209410,18409
Q209412,17084
Q209475,37965
Q210041,17489
Q211509,7798
Q212171,48273
Q214769,31794
Q218642,16977
Q682497,847
Q687686,4470
Q1320691,9014
Q1638852,7447
Q1639588,3716
Q1989071,474014
Q2268608,51173
Q2325775,3493
Q2356505,4530
Q2358146,75176
Q2359590,75179
Q2371753,30078
Q2392379,33131
Q2413613,26689
Q2467043,31445
Q2468605,17283
Q2487682,240107
Q2499888,41001
Q2504388,50158
Q2505402,16814
Q2506823,42724
Q2784004,2687
Q2806566,28286
Q2813778,51662
Q2815990,37050
Q2815992,1547
Q2816671,28413
Q2817102,18406
Q2817105,61377
Q2817903,59533
Q2818195,27910
Q2873270,66876
Q2920205,23046
Q2926016,472552
Q2928948,3240
Q2983762,48282
Q3116723,27956
Q3116732,33279
Q3119689,32987
Q3132209,15652
Q3132238,16927
Q3177745,4759
Q3180495,33090
Q3237095,17343
Q3554979,33074
Q3589114,23927
Q3596745,30628
Q3612806,31190
Q3622703,43445
Q3631024,28243
Q3637333,3000
Q3639734,3092
Q3704421,34665
Q3706987,101085
Q3762377,248841
Q3765251,367163
Q4147636,5530
Q4830631,66910
Q4832241,29318
Q5205050,15896
Q5212679,36488
Q5264583,31468
Q5268318,59269
Q5272256,358732
Q5276482,16785
Q5283603,29387
Q5680721,35647
Q5957181,15738
Q5961262,10072
Q5984343,5853
Q5984881,76612
Q6108574,312531
Q6468907,52722
Q6556738,27899
Q6577297,55548
Q6584634,75393
Q6669434,32969
Q6669652,76164
Q6696022,51052
Q6783851,73468
Q7636177,102516
Q99374,32374
Q104219,16990
Q107184,23414
Q121802,27693
Q122043,28645
Q129163,52991
Q130336,15882
Q146075,50663
Q146174,53550
Q146339,76101
Q147101,2453
Q148946,75375
Q149413,50099
Q150440,29021
Q150788,35998
Q150888,16148
Q151082,5659
Q151324,16052
Q153485,46020
Q155472,9927
Q155751,47772
Q218842,10125
Q220426,32315
Q221205,15138
Q221361,3766
Q223020,100592
Q223600,16919
Q225045,27385
Q226905,32316
Q229839,30985
Q715317,15351
Q734078,41089
Q743661,27987
Q744577,68889
Q834280,3219
Q864222,17574
Q864247,27870
Q866179,27594
Q891284,34584
Q897051,59040
Q898407,9943
Q901369,20106
Q902100,51579
Q902204,32365
Q903322,45630
Q903610,16545
Q904431,17224
Q905901,45716
Q905952,4646
Q906453,64355
Q906885,73410
Q909745,68610
Q930955,30063
Q1002165,5134
Q1082945,553473
Q1087888,68845
Q1169561,64354
Q1176336,51024
Q1181878,50131
Q1230937,6863
Q1232737,35553
Q1572618,33156
Q1748737,9400
Q1749609,7822
Q1884055,30077
Q1885038,7719
Q1936221,16192
Q2031142,30522
Q2067805,21858
Q2070778,3032
Q3151472,17808
Q3163084,52104
Q3217922,31763
Q3265801,17165
Q3267971,15660
Q3277926,27825
Q3278308,48945
Q3278345,53488
Q3314420,27417
Q3323035,16325
Q3827439,599928
Q3832559,68551
Q3877353,33681
Q3891664,68647
Q3905673,50144
Q3978097,9362
Q3981006,9516
Q4016981,73295
Q4117486,10115
Q4122197,18148
Q5134843,59583
Q5308701,76133
Q5379482,126237
Q5382607,59925
Q5384492,42309
Q5385831,65858
Q5403717,34749
Q5404598,28195
Q5405160,31580
Q5424695,39023
Q5435335,718704
Q6590391,4222
Q6606395,69120
Q6658885,71961
Q6827784,34849
Q6948247,183131
Q6948508,59860
Q6951344,36555
Q7226093,60755
Q7247555,27589
Q7247556,75643
Q7248362,32058
Q8564080,51103
Q8564451,239233
Q10859482,36412
Q10859725,30824
Q10859796,39062
Q483752,57762
Q484940,58045
Q510494,9711
Q607883,35288
Q668093,2910
Q668670,36099
Q695611,31205
Q2601859,50199
Q2653558,51397
Q2822213,15335
Q2823199,27512
Q2823202,16886
Q2823219,37245
Q2823220,33404
Q2823225,47904
Q2823244,61389
Q2823261,17232
Q2823262,18327
Q2823289,30842
Q2823295,7539
Q2823304,76244
Q2823318,30765
Q2823321,76216
Q2823324,15859
Q2823821,53770
Q2823834,6716
Q2878140,2968
Q3011024,27372
Q3024529,17737
Q3026498,38288
Q3065731,17310
Q3066713,15524
Q3077133,68540
Q3080279,34648
Q3085140,4882
Q4634051,437332
Q4634111,64042
Q4634132,57885
Q4634133,60777
Q4634176,53763
Q4637117,20339
Q4639591,42549
Q4642879,20794
Q4644260,39708
Q4644282,73364
Q4653530,420311
Q4713192,53776
Q4764531,55346
Q4897188,77013
Q4903636,39066
Q4917173,40947
Q4918787,18399
Q4918862,3131
Q4921166,55490
Q4957954,28277
Q4983624,31314
Q5572601,27471
Q5572791,65976
Q6445931,31277
Q6724151,76607
Q6743002,16072
Q6743165,19672
Q8066579,75170
Q11450699,77006
Q146393,53250
Q150429,37830
Q150681,17590
Q150900,32926
Q155685,4591
Q281419,75226
Q282629,27375
Q284757,32798
Q285835,40356
Q285878,27849
Q286846,7915
Q288188,44639
Q289496,61700
Q619698,44074
Q620730,15428
Q659468,29133
Q818497,51507
Q1240076,8357
Q1241582,35596
Q1257318,72292
Q1606543,102524
Q5748970,36869
Q7089950,67493
Q7094502,7775
Q7825530,49203
Q7833138,75998
Q7842199,27796
Q7843931,30631
Q7844989,9753
Q15634177,37611
Q36933,25812
Q115469,51238
Q116073,30597
Q116269,30563
Q179724,16482
Q179731,32139
Q179894,7916
Q180983,28680
Q181381,28061
Q182040,2877
Q183290,17115
Q184832,16995
Q185253,16761
Q185331,8884
Q185906,17196
Q185916,63599
Q186414,17296
Q186521,57926
Q187695,75701
Q188543,31206
Q189298,46149
Q190143,6650
Q192423,17154
Q193054,32036
Q513937,74789
Q518114,34283
Q523354,28855
Q667184,59514
Q671779,33193
Q848264,5088
Q854263,28329
Q894611,39112
Q898387,30336
Q899416,27618
Q899877,17071
Q901963,51066
Q902379,68556
Q903332,16971
Q903348,31009
Q903353,36431
Q903362,46790
Q904011,204734
Q905662,31696
Q905750,17045
Q905755,364453
Q906309,2404
Q906934,76138
Q976559,9212
Q2466871,30435
Q2468481,15439
Q2468955,28766
Q2616062,59604
Q2622839,59120
Q3179283,33020
Q3180288,111762
Q3643873,3170
Q3662569,66889
Q4533122,4888
Q7179425,31985
Q7181339,351346
Q7181429,16343
Q7701343,9442
Q7705415,63626
Q7811734,28864
Q7814101,9613
Q7908310,75934
Q12751472,15782
Q153,16236
Q907718,30282
Q907919,38978
Q908013,77092
Q908742,317840
Q909638,67547
Q910572,52169
Q1268941,72297
Q1312775,59124
Q1706418,4469
Q2041643,4819
Q2047876,30131
Q2442174,35880
Q2456591,5262
Q2465218,4909
Q3356627,61668
Q3398231,26213
Q3408060,25416
Q3414551,42606
Q3509026,18215
Q3511416,66470
Q3523978,18284
Q3524663,36579
Q3530324,71200
Q7623339,542525
Q7783877,18338
Q7784684,38705
Q11426176,8378
Q13218503,64685
Q15410181,53727
Q15410249,32898
Q15410260,65453
Q15410876,1751
Q15410967,69432
Q15424791,28327
Q15426192,70399
Q15427894,63664
Q7762,17226
Q7774,14428
Q23118,6605
Q25774,29202
Q25792,29200
Q26963,17026
Q32089,9168
Q32693,38680
Q32921,5615
Q33103,7307
Q48318,16199
Q80260,23492
Q80863,15422
Q81166,25434
Q81890,261649
Q82182,38199
Q631202,6339
Q632856,31882
Q635700,45097
Q642217,18344
Q693482,47657
Q740439,565242
Q766883,74848
Q773274,21763
Q793471,2942
Q866218,30083
Q868658,71013
Q947266,5959
Q952532,17436
Q958087,6343
Q963093,9352
Q1147309,3988
Q1147539,15773
Q1151479,46643
Q1154631,30198
Q1207210,51860
Q1649534,5885
Q1649579,75458
Q1649664,4630
Q1752915,45951
Q1758380,28864
Q1924527,36481
Q2013941,15805
Q2034390,76136
Q2064889,28750
Q2070286,66903
Q2208070,76263
Q2211240,71418
Q3221044,28787
Q3231623,3506
Q3232732,33592
Q3234481,30172
Q3234708,28488
Q4138049,30429
Q4161323,59756
Q4161380,31527
Q4783532,75627
Q4784959,50580
Q4811458,2899
Q4811598,37923
Q4890748,41033
Q4890934,3061
Q4921174,59213
Q6665655,6820
Q11786072,50161
Q131994,59114
Q132621,28918
Q133662,37756
Q133767,30128
Q134192,37808
Q134658,15940
Q135270,28172
Q139085,16688
Q139160,70708
Q139347,28940
Q139857,18012
Q168453,20506
Q169337,27547
Q169569,6909
Q170591,16136
Q172275,35255
Q175901,17252
Q176301,7824
Q176525,16118
Q178430,25094
Q178450,22660
Q375112,27632
Q377036,46859
Q377342,8502
Q384993,17941
Q385370,691037
Q386702,44992
Q498436,34756
Q748200,28157
Q749664,68554
Q751744,30259
Q752685,17929
Q753100,8064
Q753104,27860
Q757058,9611
Q928965,18123
Q935387,17755
Q999813,34916
Q1135705,45367
Q1970333,37401
Q2130929,15964
Q2139543,66899
Q2259447,5020
Q2273248,28874
Q2315302,15336
Q2317288,27994
Q2329715,50369
Q2398745,16226
Q2813813,37001
Q2813819,50720
Q2817111,470154
Q2823198,34146
Q2823201,994
Q2823203,15745
Q2823207,15753
Q2823213,15793
Q2823227,262350
Q2823232,18072
Q2823258,29252
Q2823259,76215
Q2823275,34811
Q2823284,6710
Q2823297,32409
Q2825485,17985
Q2964133,3636
Q3009340,17440
Q3023727,50102
Q3074520,39445
Q3116775,6099
Q3117895,15421
Q3121632,35649
Q3124290,53579
Q3138518,57923
Q3151476,57733
Q3266675,28617
Q3268003,27686
Q3268119,34304
Q3268366,38226
Q3306063,30890
Q3307752,6919
Q3322838,3044
Q3381513,18272
Q3381514,18413
Q3742067,31597
Q3836403,51368
Q3858912,76249
Q4027534,17992
Q4380604,59445
Q4381550,35430
Q4596773,53063
Q4596860,27971
Q4634064,27637
Q4634069,136995
Q4634151,27847
Q4637113,1808
Q4637151,196991
Q4637160,18101
Q4644281,50207
Q4673311,17752
Q4676996,2448
Q4682904,251412
Q4780565,35643
Q4832281,74846
Q4838951,32538
Q4847704,17697
Q4925101,16315
Q5002336,73298
Q5002356,55518
Q5002519,28714
Q5010992,73283
Q5065299,59219
Q5173335,67171
Q5199059,37523
Q5199107,59692
Q5221244,3682
Q5242815,67486
Q5297282,49108
Q5375179,4786
Q5382492,70255
Q5442706,60564
Q5448275,697724
Q5462802,37915
Q5479351,17890
Q5533221,27514
Q5613321,5552
Q15409438,156132
Q15410909,76923
Q15410994,75902
Q14982,17790
Q16392,17824
Q18936,28748
Q58396,47499
Q58447,15571
Q58614,50841
Q61457,15343
Q193598,29073
Q194207,30742
Q194322,15674
Q197663,30678
Q199678,29073
Q201312,15414
Q201928,2676
Q206778,48854
Q223030,53648
Q223081,37084
Q223093,34795
Q223101,15837
Q223118,17794
Q228143,51364
Q229811,17980
Q229848,32506
Q229922,1784
Q230021,40035
Q256602,100241
Q257331,9288
Q258653,15700
Q259277,52304
Q264039,8687
Q308875,28136
Q310709,51846
Q337668,51042
Q369777,29019
Q372291,28398
Q372539,34385
Q413805,32223
Q413849,51486
Q413918,6015
Q413929,53753
Q414030,567361
Q414109,16055
Q414231,44247
Q414326,52236
Q414413,35720
Q414445,50884
Q414555,16698
Q414591,29223
Q414632,49659
Q414732,30495
Q414767,4885
Q414914,3112
Q415051,6933
Q415081,53289
Q415122,5050
Q415253,30802
Q415304,4453
Q415329,203731
Q415336,50694
Q415366,9605
Q415454,38853
Q415464,30465
Q415536,28484
Q415578,31225
Q415625,7934
Q415709,48947
Q415896,3903
Q415903,32735
Q415945,17327
Q415957,28088
Q415970,3347
Q415997,6123
Q416036,41607
Q416054,44747
Q416073,75246
Q416126,67251
Q416160,27496
Q416253,32497
Q416341,42638
Q416407,37391
Q416444,4798
Q416446,18305
Q416463,253342
Q416534,15963
Q416554,15551
Q416626,920
Q416701,51137
Q416728,30629
Q416775,3830
Q416905,3419
Q417017,34556
Q417044,33038
Q417141,4754
Q417164,46837
Q417208,8711
Q417240,127342
Q417316,16268
Q417343,4055
Q417362,17620
Q417403,128769
Q417525,48058
Q417542,38940
Q417597,8428
Q417646,53218
Q417652,47864
Q417682,27841
Q417767,50730
Q417824,49668
Q417884,4046
Q417997,49040
Q418054,30679
Q418101,8214
Q418117,75184
Q418288,21184
Q418320,3639
Q418348,35549
Q418359,42334
Q418480,9398
Q418586,59902
Q418725,49566
Q418878,2311
Q418928,5000
Q418957,18405
Q419124,53124
Q419140,16450
Q419406,73224
Q419478,51470
Q419560,15380
Q419572,33186
Q419597,145144
Q419633,4488
Q419724,5001
Q419742,58964
Q419750,15555
Q419800,4608
Q419817,391281
Q419829,4918
Q419842,17064
Q420074,29279
Q420109,37911
Q420215,30775
Q420323,49603
Q420350,5121
Q420355,75899
Q420387,127780
Q420409,49250
Q420423,51496
Q420449,28600
Q420482,37173
Q420532,480999
Q420540,30181
Q420614,29863
Q420640,47866
Q420673,5557
Q420720,29211
Q420786,22469
Q420835,51937
Q420989,49801
Q421136,50924
Q421163,59020
Q421197,38764
Q421233,29245
Q421315,7478
Q421326,16656
Q421348,27539
Q421379,38786
Q421381,75984
Q421429,7575
Q421486,55381
Q421567,4887
Q421640,37519
Q421676,7781
Q421724,29308
Q421738,28826
Q421761,28884
Q421781,49553
Q421838,9577
Q421894,30069
Q421937,5818
Q421972,30794
Q421994,28322
Q422080,29415
Q422152,35298
Q422188,9241
Q422198,40050
Q422206,33176
Q422215,27446
Q422229,101278
Q422244,5118
Q422294,35940
Q422462,16750
Q422469,16032
Q422488,17172
Q422543,16827
Q422564,17596
Q422582,17552
Q422634,28866
Q422645,119486
Q422709,36014
Q422729,47962
Q422740,44915
Q422806,3215
Q422843,26675
Q422884,17967
Q422909,17153
Q422956,30768
Q423000,48236
Q423098,7508
Q423136,34611
Q423169,6030
Q423185,16962
Q423204,17399
Q423227,37695
Q423256,17840
Q423275,68236
Q423282,18099
Q423314,40036
Q423338,16587
Q423345,28125
Q423357,4917
Q423423,45373
Q423462,33083
Q423531,17333
Q423581,30205
Q423741,8430
Q423757,36791
Q423809,50931
Q423870,53620
Q423879,53472
Q423892,16548
Q424003,27543
Q424049,998
Q424104,38043
Q424314,28621
Q424390,30664
Q424450,33148
Q424567,18388
Q424586,16497
Q424625,57737
Q424636,16002
Q424726,8925
Q424799,34288
Q424931,17521
Q424979,17134
Q425027,5383
Q425030,30851
Q425064,36324
Q425127,51114
Q425137,63115
Q425176,30952
Q425296,8364
Q425475,9592
Q426460,34393
Q426525,33536
Q426921,223316
Q427071,29191
Q427956,75211
Q506710,15378
Q510154,2956
Q524670,16831
Q570757,2086
Q576895,18132
Q577377,3175
Q579348,15544
Q1107689,35893
Q1988832,100717
Q2231923,34520
Q2295855,291902
Q2344582,10101
Q2356063,39196
Q2358640,30465
Q2359690,8435
Q2548040,17602
Q2662662,4514
Q2714546,3918
Q2714755,16840
Q2720515,3259
Q2734874,31783
Q2846975,35509
Q2849857,28928
Q2858303,74812
Q2858304,16778
Q2929006,15517
Q2974313,23311
Q2988108,28063
Q3025599,439329
Q3026266,5550
Q3028867,33472
Q3055452,59979
Q5024637,17793
Q5032274,61399
Q5119441,31444
Q5122804,17626
Q5898987,36482
Q15269676,15890
Q15274000,45223
Q15295638,111762
Q15478884,554289
Q2270,16716
Q2314,26710
Q2447,47266
Q4118,26836
Q121874,8346
Q123195,599440
Q127060,27470
Q127900,36218
Q161249,422
Q161275,36026
Q161294,30743
Q161300,46077
Q161453,30669
Q161461,30630
Q161523,37611
Q161532,47032
Q161542,27418
Q161645,641
Q161662,35986
Q161664,46708
Q161666,16188
Q161667,34118
Q161679,8473
Q207722,16898
Q208118,8614
Q208130,15948
Q209130,62805
Q209202,48220
Q209216,34718
Q209226,42017
Q209345,361034
Q209425,48945
Q209457,30831
Q210021,16865
Q210385,16227
Q211086,17883
Q213050,15741
Q213511,42355
Q213580,32816
Q214863,75832
Q216918,30341
Q217404,15820
Q238544,17780
Q238563,27551
Q239593,18408
Q243309,17126
Q244408,47381
Q245486,39073
Q248550,6402
Q267896,50438
Q269111,48538
Q270154,40304
Q271943,35194
Q274515,17698
Q274972,53154
Q305555,337298
Q306565,53090
Q327362,18258
Q327506,5417
Q343465,27666
Q347941,73038
Q352348,31174
Q390239,31746
Q391679,28024
Q392062,10362
Q393339,4806
Q399771,30808
Q402633,9086
Q407225,30363
Q407290,27798
Q407350,17051
Q407411,18397
Q407510,76208
Q407535,7852
Q407541,119915
Q407569,33198
Q407617,9123
Q407646,16899
Q407684,33590
Q407775,36610
Q407962,4170
Q408022,17170
Q408163,142290
Q408228,245199
Q408295,35863
Q408342,38476
Q408345,17192
Q408389,7071
Q408428,10742
Q408432,8597
Q408437,30740
Q408458,29802
Q408471,7936
Q408535,8707
Q408557,68595
Q408588,70707
Q408626,35492
Q408637,50659
Q408801,41423
Q408915,3210
Q408916,16583
Q408925,29449
Q409013,27869
Q409021,53438
Q409049,29222
Q409150,8613
Q409173,30045
Q409184,16101
Q409192,6128
Q409251,3310
Q409292,28568
Q409298,17741
Q409309,16007
Q409367,35807
Q409468,6904
Q409473,37382
Q409516,39063
Q409564,28837
Q409574,30142
Q409622,17859
Q409632,7983
Q409669,28786
Q409679,17401
Q409712,70718
Q409804,15676
Q409853,49584
Q409948,116225
Q410056,58996
Q410225,4884
Q410243,34856
Q410278,16294
Q410346,6367
Q410382,45927
Q410400,8107
Q410465,6032
Q410551,68621
Q410572,29389
Q410588,28315
Q410634,30781
Q410728,44296
Q410830,16119
Q410842,30745
Q410846,37931
Q410871,39481
Q410875,51469
Q410911,38699
Q410932,17580
Q411064,16422
Q411092,29888
Q411150,59788
Q411202,34682
Q411229,6076
Q411310,28230
Q411320,49382
Q411347,2668
Q411352,30086
Q411447,7731
Q411478,46081
Q411511,53691
Q411575,8102
Q411635,34911
Q411659,41977
Q411740,39414
Q411746,167099
Q411787,75283
Q411932,36795
Q411940,2791
Q411945,16675
Q412078,28616
Q412139,44897
Q412221,3757
Q412276,49770
Q412293,35825
Q412299,7823
Q412340,28142
Q412346,27642
Q412388,28201
Q412403,28591
Q412409,31252
Q412413,38589
Q412415,27899
Q412424,8994
Q412435,15393
Q412441,38728
Q412515,3127
Q412534,3441
Q412556,27928
Q412690,42944
Q412742,5834
Q412756,38759
Q412963,63584
Q413116,8121
Q413465,34779
Q413531,28792
Q413581,3181
Q413690,27690
Q413692,16152
Q413787,47856
Q2659931,28865
Q2700511,8386
Q2706622,55397
Q2708025,16493
Q2742033,42491
Q2745755,74537
Q2756479,28623
Q2757844,28148
Q2768526,34380
Q3495231,50861
Q3552300,60009
Q3560549,670
Q3563148,76016
Q3568003,10038
Q3603698,35673
Q3611854,50648
Q3613679,2622
Q3682585,35516
Q3702534,65349
Q5131527,52140
Q5132472,3743
Q14124950,4648
Q782318,60775
Q791818,51554
Q793082,31263
Q793715,6198
Q794162,3082
Q795057,72317
Q1183089,17123
Q1188583,33688
Q1318776,17347
Q3109284,15873
Q3109339,18349
Q3218465,17168
Q4344989,55443
Q4352011,2089
Q4352416,34037
Q4352952,59849
Q4822317,18149
Q4832859,31248
Q4834614,60888
Q3877030,7573
Q3887768,76255
Q3976827,132842
Q3981685,32184
Q3985253,9460
Q4036893,36511
Q4064027,2628
Q4116162,518413
Q4119781,33035
Q4353533,28738
Q4545678,37502
Q4545767,17906
Q4545805,59714
Q4550134,32401
Q4721888,17160
Q4746454,62952
Q5261287,73032
Q5268499,30659
Q5274949,4518
Q5275451,31483
Q5276432,16965
Q5276444,4581
Q5287812,4676
Q5513693,60327
Q5566483,31653
Q5953407,52768
Q5954743,31674
Q6523413,816009
Q7076742,190016
Q7128408,73067
Q7134533,61074
Q7230068,60652
Q7356764,8886
Q7841414,9701
Q7841515,31742
Q15633931,30712
Q15633932,33277
Q15633955,2437
Q15634214,30149
Q18578845,50863
Q47512,15366
Q145052,10102
Q146403,53244
Q150731,46342
Q150744,28817
Q150925,43619
Q151038,7613
Q151313,18153
Q151797,46645
Q5697238,69579
Q6345965,68883
Q6821618,6780
Q6822173,73378
Q6823955,28229
Q6839436,6925
Q6948223,70082
Q7086489,73504
Q7103718,69437
Q7116885,53554
Q193956,29221
Q194406,28973
Q194974,6413
Q196473,27373
Q202218,35702
Q204121,53621
Q204639,62984
Q517266,5672
Q2018788,31697
Q2022983,63845
Q2031078,37333
Q2064915,28324
Q2838375,22357
Q3181449,6408
Q3272027,6149
Q3382146,44898
Q4291506,30188
Q4413253,65004
Q4492348,7508
Q4545685,44864
Q4545690,37405
Q4673251,250620
Q4673285,234426
Q4688818,61390
Q4724192,49327
Q4734170,72323
Q4734905,33033
Q4734911,295965
Q4734915,76995
Q4747226,28134
Q4747721,52026
Q4781812,2788
Q4781819,35212
Q4789167,408174
Q4807723,58080
Q4810880,38200
Q4811191,30200
Q4925524,59589
Q4926102,59177
Q5057287,3495
Q5063899,75049
Q5065704,59224
Q5103226,3642
Q5120133,76127
Q5515069,73726
Q5515257,68840
Q5897556,18269
Q6534133,6417
Q6535758,59254
Q6535767,30997
Q6296780,51993
Q6554721,73534
Q7341121,76269
Q8214660,36505
Q15228129,69355
Q15779,17578
Q18939,2948
Q19484,6801
Q57054,29026
Q57055,46195
Q60235,27732
Q60839,18022
Q61387,7640
Q75850,9921
Q132298,32035
Q132501,17522
Q137532,75030
Q138742,7438
Q139199,35026
Q139200,28934
Q139350,17759
Q142880,3095
Q143263,16933
Q161233,30751
Q161268,36015
Q161280,36018
Q161503,39478
Q161507,18918
Q161555,18127
Q161623,53049
Q162867,28787
Q163648,16130
Q163856,18193
Q165399,2955
Q184564,27584
Q184630,32588
Q186242,18357
Q186474,15356
Q188017,58315
Q189090,29365
Q190012,16335
Q190067,66964
Q190077,36560
Q190227,29377
Q191700,30746
Q192367,15633
Q192430,6746
Q192437,16753
Q192471,28869
Q207877,30278
Q207895,33101
Q208451,3312
Q209313,479072
Q209320,52392
Q209467,17043
Q210402,49575
Q212272,44423
Q212553,27915
Q215281,37187
Q218820,10124
Q251005,473992
Q253187,75401
Q253746,27500
Q255933,17202
Q255968,16586
Q256502,27432
Q259374,27522
Q259997,15429
Q263958,51209
Q277638,17200
Q277979,7454
Q278332,26911
Q278387,9679
Q278809,15384
Q279504,8890
Q280786,9445
Q283917,48431
Q284201,16133
Q285640,36592
Q285911,472805
Q286939,53174
Q287029,6067
Q287787,29136
Q309033,39152
Q310473,16269
Q311923,27430
Q312125,18091
Q312229,30314
Q312244,16579
Q312251,17847
Q334599,47217
Q339734,1157
Q341312,73178
Q342717,234241
Q367258,28436
Q370244,119573
Q372598,102484
Q373791,9188
Q392227,15996
Q392954,51492
Q394317,17431
Q407153,27750
Q407232,27744
Q407308,28177
Q407373,46983
Q407426,17351
Q407495,29219
Q407721,3216
Q407743,44976
Q407833,29799
Q407867,30812
Q407891,26709
Q407895,50985
Q407931,31793
Q407997,17268
Q408038,37580
Q408047,38472
Q408088,66331
Q408314,17537
Q408376,28689
Q408732,28197
Q408739,44923
Q408788,18107
Q408865,27810
Q408887,30235
Q408908,17241
Q408929,29286
Q408984,15702
Q409061,58360
Q409082,2181
Q409171,29290
Q409178,17854
Q409216,28860
Q409221,29125
Q409241,38211
Q409304,16830
Q409340,15901
Q409373,17497
Q409390,38321
Q409401,76359
Q409482,41308
Q409512,51907
Q409606,10043
Q409608,28822
Q409682,5692
Q409692,15344
Q409707,30334
Q409721,27974
Q409729,520985
Q409761,2618
Q409765,147675
Q409978,28572
Q409990,28364
Q410005,16634
Q410061,2663
Q410089,35260
Q410107,34656
Q410156,62947
Q410190,17148
Q410193,50883
Q410234,18049
Q410271,35615
Q410285,104872
Q410393,35459
Q410412,3387
Q410526,29268
Q410595,27953
Q410597,3179
Q410603,15743
Q410882,36605
Q410888,16980
Q411054,16330
Q411084,41218
Q411138,28833
Q411208,16411
Q411240,50692
Q411279,74856
Q411286,39391
Q411314,17696
Q411337,53001
Q411412,8887
Q411441,5779
Q411461,8207
Q411496,48341
Q411517,3176
Q411557,9329
Q411629,16664
Q411656,32590
Q411695,67380
Q411754,38665
Q411885,53351
Q411887,8874
Q411958,6842
Q412033,45892
Q412118,48458
Q412143,9674
Q412191,17948
Q412223,2682
Q412278,30251
Q412316,16092
Q412333,38902
Q412350,55344
Q412356,29390
Q412361,30136
Q412371,16573
Q412377,474859
Q412399,60579
Q412443,8871
Q412460,38866
Q412597,39246
Q412622,17361
Q412666,8774
Q412747,42471
Q412776,59340
Q412815,46941
Q412882,38884
Q412933,39384
Q412950,25371
Q413063,23774
Q413130,36617
Q413188,50142
Q413328,36404
Q413491,27997
Q413717,2972
Q413722,26642
Q413755,41237
Q413762,17486
Q413772,28502
Q413793,31797
Q413835,30231
Q413994,9599
Q414013,617099
Q414028,6741
Q414225,39585
Q414226,109895
Q414414,27592
Q414484,68656
Q414492,16008
Q414526,74926
Q414664,29231
Q414724,38663
Q414902,18138
Q415007,15600
Q415011,15864
Q415026,3048
Q415032,50922
Q415103,22154
Q415128,33081
Q415173,3504
Q415196,102130
Q415302,33657
Q415359,29452
Q415415,53214
Q415428,36405
Q415538,36549
Q415869,3423
Q415933,5063
Q415988,39227
Q416005,44975
Q416086,24565
Q416108,27827
Q416199,195280
Q416231,943
Q416239,74794
Q416254,36596
Q416285,43572
Q416304,38904
Q416322,39429
Q416579,48347
Q416650,28265
Q416660,36373
Q416706,7492
Q416847,17239
Q416915,57642
Q416992,70735
Q417003,51438
Q417040,30419
Q417106,36670
Q417304,33787
Q417337,16023
Q417484,94762
Q417504,28545
Q417527,15714
Q417535,28306
Q417571,45285
Q417603,247956
Q417606,27843
Q417640,465284
Q417701,76451
Q417713,32850
Q417731,28179
Q417755,21347
Q417791,16625
Q417847,36595
Q417852,39870
Q417915,9316
Q417942,5136
Q417958,38954
Q418050,9122
Q418060,291342
Q418125,17211
Q418139,4856
Q418224,75092
Q418265,30966
Q418267,37550
Q418329,29424
Q418384,42567
Q418421,32253
Q418539,22584
Q418560,5864
Q418571,4876
Q418573,35033
Q418611,3749
Q418656,71417
Q418720,33211
Q418730,3752
Q418758,8464
Q418817,4911
Q418855,58273
Q418886,58121
Q418940,2790
Q418985,8240
Q419008,7953
Q419078,37857
Q419170,50819
Q419223,25858
Q419374,4653
Q1040678,39185
Q1063862,42068
Q1064625,68657
Q1074417,6682
Q1107746,36856
Q1880471,18333
Q1919807,33082
Q2340670,38792
Q2357007,5002
Q2734674,3547
Q2736402,4392
Q2739882,14336
Q2740979,16344
Q2814377,38220
Q2817103,28843
Q2817110,18381
Q2823196,1372
Q2823204,37024
Q2823208,30793
Q2823209,16256
Q2823210,49410
Q2823216,30764
Q2823217,16530
Q2823221,1670
Q2823223,30865
Q2823228,15638
Q2823236,15919
Q2823250,17285
Q2823263,15670
Q2823264,61673
Q2823271,30841
Q2823274,24928
Q2823290,17760
Q2823316,39949
Q2823840,17786
Q2875340,18157
Q2889652,3763
Q2889971,3047
Q2930096,73169
Q3008585,18261
Q3009646,28728
Q3009984,355510
Q3011604,75045
Q3491255,10335
Q3493048,27617
Q3502778,18319
Q3560955,36229
Q3943310,15625
Q12093199,15851
Q6863173,51038
Q6871627,66395
Q6992128,16384
Q7247552,75632
Q7250328,8491
Q7253051,8600
Q7263414,71311
Q7514072,607921
Q7563137,50209
Q8085718,11412
Q10858039,6877
Q10858994,163839
Q10859645,15710
Q11595687,49263
Q12062335,470703
Q15478109,2873
Q26075,18407
Q26272,16684
Q28746,16238
Q28775,13389
Q29004,29239
Q29417,15367
Q33495,18346
Q121430,32108
Q128381,28121
Q131189,32879
Q419397,37510
Q419453,39258
Q419635,30079
Q419643,32499
Q419672,30816
Q419732,2394
Q419781,36674
Q419811,34698
Q419849,49130
Q419940,49375
Q419946,29022
Q419987,5775
Q420039,53775
Q420043,18224
Q420188,149226
Q420238,30954
Q420262,68579
Q420346,35045
Q420360,8081
Q420367,16813
Q420416,35008
Q420553,168396
Q420595,149836
Q420607,8455
Q420626,5441
Q420644,585948
Q420728,42098
Q420820,5115
Q420864,7864
Q420955,51314
Q420984,9142
Q421008,41921
Q421032,48003
Q421055,38721
Q421064,29366
Q421095,107736
Q421116,281710
Q421246,8337
Q421268,9774
Q421274,4317
Q421278,50027
Q421304,8356
Q421308,49086
Q421342,48574
Q421375,15553
Q421383,16010
Q421475,3002
Q421509,45133
Q421530,32616
Q421547,68606
Q421729,39282
Q421768,27436
Q421789,37647
Q421920,5103
Q421951,24945
Q422044,4775
Q422226,4325
Q422241,8984
Q422252,41879
Q422273,3745
Q422423,15858
Q422482,27412
Q422504,15698
Q422590,28941
Q422606,490877
Q422627,30805
Q422658,28875
Q422665,45924
Q422714,62842
Q422745,116735
Q422748,48088
Q422777,52342
Q422930,48607
Q423005,6651
Q423071,655
Q423133,17437
Q423195,28458
Q423211,5445
Q423386,61084
Q423398,6835
Q423437,2896
Q423439,3558
Q423445,3696
Q423498,9738
Q423633,39287
Q423721,46800
Q423746,16709
Q423787,8232
Q423922,17642
Q423992,34696
Q424000,40538
Q424037,48935
Q424091,25107
Q424156,71940
Q424165,6942
Q424167,5062
Q424223,52051
Q424236,29374
Q424238,31515
Q424297,7908
Q424378,61219
Q424432,38484
Q424788,31711
Q424891,59159
Q424919,53169
Q425109,28674
Q425223,8772
Q425229,30530
Q425234,37117
Q425397,60720
Q425481,29357
Q425512,16019
Q425681,63791
Q425845,41200
Q425911,50381
Q425988,32368
Q426269,231177
Q426401,77069
Q426660,16737
Q426819,17682
Q429022,52334
Q481808,46887
Q483745,57427
Q485277,57595
Q13476484,31157
Q15491505,60872
Q15495451,15350
Q102769,32145
Q104334,28976
Q319541,16881
Q321285,46245
Q326224,27882
Q328692,16069
Q620072,24479
Q620080,60562
Q622779,33251
Q632302,73271
Q637059,71223
Q743705,26999
Q948846,16973
Q979521,47544
Q1044248,47564
Q1854296,76603
Q1864086,38420
Q1865134,38624
Q1907191,66682
Q2166700,74899
Q2168450,34367
Q2231462,53436
Q2235989,30747
Q2520005,16897
Q2715091,16578
Q3052031,30662
Q3058018,490095
Q3072948,75314
Q3077150,9233
Q3077242,25255
Q3135032,33150
Q3138539,57853
Q3155636,18330
Q3291707,36632
Q3706879,28335
Q3712521,4681
Q3757667,31292
Q3817447,16457
Q6966633,29235
Q12745593,73370
Q14129240,36485
Q15633921,53661
Q12190,18208
Q63370,38257
Q79739,42639
Q81225,17303
Q94770,48233
Q111812,28794
Q119915,5764
Q120384,33221
Q347613,63634
Q385140,30754
Q388692,16164
Q390305,33167
Q845530,48569
Q851813,102216
Q851922,76119
Q2442512,51348
Q2453066,44842
Q2500533,29120
Q3614672,31210
Q4596859,15998
Q4596904,31085
Q4634053,50182
Q4634071,41941
Q4634124,15749
Q4634147,10696
Q4637188,16907
Q4639626,189635
Q4641523,17601
Q4641543,28090
Q4642857,18372
Q4642864,2255
Q4644284,44605
Q4694226,2519
Q7247551,75633
Q7247557,75621
Q7247908,313639
Q7254529,8602
Q11694846,16852
Q155683,50749
Q167934,28790
Q170002,17306
Q170545,58095
Q171701,48937
Q172949,33050
Q174129,30076
Q176486,47083
Q176533,2569
Q177811,18367
Q178566,3611
Q179452,2679
Q179996,6807
Q220246,51195
Q220672,75331
Q220676,30977
Q221307,31725
Q222936,15348
Q223027,73914
Q223045,42682
Q223083,15688
Q223092,20067
Q225854,383703
Q229924,27565
Q229942,189669
Q229946,28420
Q229982,32585
Q239598,30860
Q239816,17963
Q241374,9907
Q241992,77095
Q243992,35559
Q245501,48928
Q245503,16938
Q245508,17804
Q249208,15444
Q265414,6636
Q266210,30182
Q296363,33988
Q300928,50025
Q302204,52136
Q303646,5790
Q303961,18077
Q304782,4904
Q304850,48511
Q305364,30856
Q307434,16680
Q665455,17201
Q862414,31257
Q865952,46784
Q867308,3994
Q903311,30838
Q903345,28905
Q903525,31457
Q903881,17158
Q904071,6997
Q904308,6784
Q905038,443725
Q905717,59919
Q906440,9505
Q906609,37487
Q907623,75270
Q910641,35583
Q1089204,18112
Q1992452,28568
Q2031856,49916
Q2044136,64340
Q2080732,28194
Q2092736,38142
Q2204769,38730
Q2210953,30845
Q2254797,146727
Q2276594,67987
Q2365016,5280
Q2366389,48263
Q2377169,35460
Q2393348,51230
Q2409080,113902
Q2419291,31705
Q2541149,16410
Q2606497,3183
Q2608767,72578
Q2639442,16645
Q2697578,50885
Q2701649,15811
Q2706046,33237
Q3027880,17694
Q3027885,27468
Q3033497,31000
Q3036425,70007
Q3044728,68330
Q3048282,29368
Q3082378,45422
Q3082858,17973
Q3401397,8359
Q3407877,177304
Q3408058,16673
Q3411301,37966
Q3416481,29306
Q3791611,76160
Q3798358,76162
Q3800087,6762
Q3993743,9635
Q4024685,35859
Q4179018,53258
Q5038245,35543
Q5039237,3414
Q5045786,51235
Q5134875,681569
Q5260984,50189
Q5263885,27478
Q5274515,65769
Q5276425,18093
Q5276437,18047
Q5279732,59782
Q5279734,4638
Q5280076,73282
Q5382029,31539
Q5401864,17474
Q5454456,5066
Q5462356,60761
Q5931666,9522
Q5948038,30853
Q5955500,18400
Q6015692,345108
Q6069737,5970
Q7296272,48562
Q7842197,9728
Q7844240,29388
Q7848584,35490
Q7814620,48549
Q7862881,73358
Q7914515,49960
Q8345458,35468
Q8564098,31441
Q544767,23681
Q546957,233869
Q553220,404903
Q553223,50275
Q570183,60805
Q577387,47612
Q592802,3011
Q596022,8713
Q613394,35019
Q617563,17141
Q704203,49477
Q897727,15437
Q899008,16204
Q927885,39289
Q930170,6484
Q956217,15401
Q958387,30992
Q1397045,51257
Q1409243,478961
Q1444906,29237
Q1639616,157175
Q1640947,8066
Q1649777,17558
Q1943387,27888
Q1953888,17597
Q2179180,52444
Q2186340,18075
Q2288772,27949
Q2301593,52356
Q2304195,31599
Q2622907,31981
Q2629377,21547
Q2964153,133341
Q3333711,51382
Q3334152,15927
Q3459689,28927
Q3596763,34043
Q3896970,72312
Q3906700,31856
Q4117196,40678
Q4890915,71204
Q4897349,31276
Q4897378,59170
Q4902548,3089
Q4919218,59173
Q4983616,50095
Q5161126,681850
Q5198674,3996
Q5198906,37892
Q5198954,22450
Q5613557,5555
Q5613765,15968
Q6557526,28777
Q6586709,10037
Q6593308,27958
Q6607436,117144
Q6625055,74793
Q6705431,27917
Q6710130,60528
Q6725209,17371
Q6823951,29309
Q7050774,7625
Q7051181,50815
Q7076759,29385
Q7076760,2739
Q7089373,71019
Q7094499,18266
Q7107372,73275
Q15409418,580267
Q15410218,29503
Q15410859,36281
Q15410860,8062
Q15410900,67554
Q15425295,70400
Q15427839,67492
Q15427955,50365
Q15724770,15551
Q15726012,37858
Q15726023,49783
Q11129387,46625
Q10853851,66666
Q15274561,44369
Q15296722,38854
