Q6754194,D10136
Q7030497,D07285
Q7162004,D07476
Q7162195,D05406
Q7165191,D07174
Q7181402,D01824
Q7197205,D05484
Q7197354,D08382
Q7226181,D03306
Q7237376,D05587
Q7363297,D10156
Q7376097,D05773
Q7376558,D10079
Q7452735,D01123
Q7455005,D08509
Q7507259,D05833
Q7521885,D05845
Q7573806,D05905
Q7636179,D08541
Q7636194,C11125
Q7636201,D08545
Q7636496,D08547
Q7694156,D06053
Q7699074,D06068
Q7701388,D01827
Q7701660,D06077
Q15277,D00034
Q18216,D00109
Q37525,C00031
Q41576,D00110
Q42038,C01384
Q83320,D02313
Q105522,C00366
Q108200,C00698
Q130365,D00050
Q135068,C09243
Q149452,C18742
Q151733,C16834
Q155746,D00930
Q155883,D01518
Q155890,D03703
Q155954,D01982
Q158539,C19160
Q198504,D00413
Q201370,D07156
Q201872,D00454
Q202998,D00414
Q203174,D00754
Q203618,D02318
Q204030,C02394
Q204594,C03184
Q206844,C07480
Q207843,D00074
Q209205,C02625
Q209355,C18399
Q209370,C02395
Q209381,C14687
Q209388,C02498
Q209450,C02227
Q209460,C01949
Q238474,D07567
Q238532,C05635
Q239569,D02922
Q239778,D07542
Q243547,D08098
Q251347,D00136
Q254296,D00355
Q258591,D01896
Q259930,D04281
Q260286,D09913
Q263713,D00435
Q281082,D00183
Q282440,C00090
Q282902,D08249
Q288104,C01880
Q288208,C18706
Q288236,C00669
Q288875,D01796
Q288927,C00311
Q309528,C19216
Q366482,D07348
Q368995,D07522
Q369648,D08617
Q384295,D00334
Q384794,C18149
Q393336,C05903
Q402601,C02351
Q402719,C00472
Q484583,C16435
Q629632,C18933
Q631829,D07102
Q632405,D07900
Q656269,C00870
Q727742,C15508
Q729213,D08270
Q867332,D07759
Q905664,D07171
Q905835,D08971
Q905868,C19383
Q906102,D06106
Q907160,D08113
Q907480,D08337
Q908240,D03984
Q908865,C10205
Q945537,D01254
Q973741,C10028
Q1217936,D07243
Q1227207,D00806
Q1227228,D08325
Q1292703,D08474
Q2013712,D02617
Q2341200,D03545
Q20994,D01049
Q23767,D00932
Q28128,D07306
Q29397,C14711
Q31030,D08684
Q143252,D08974
Q144085,D00560
Q144362,C13392
Q146123,C19504
Q146368,C19508
Q58356,D00228
Q58376,D07977
Q58397,D07448
Q58713,D07727
Q521173,D08837
Q524995,D03730
Q2701912,D00279
Q2705171,D04876
Q3122143,D08396
Q3540344,D07303
Q3606143,D07436
Q3730737,D04036
Q3731886,D04045
Q3733647,D09342
Q3733839,D04104
Q3742348,D04136
Q3742404,D00504
Q5289051,C00110
Q5303681,D00760
Q5303706,D03900
Q7037489,D01908
Q7037737,D07352
Q7039974,D05170
Q7051184,D07220
Q7115043,D01149
Q7115050,D07340
Q7116102,D01219
Q7116108,D08326
Q7131441,D10019
Q7409428,D10162
Q7424081,D10161
Q7433895,C08880
Q7507267,D05834
Q7694629,D06054
Q7698204,D06066
Q7701687,D00888
Q7702355,D01348
Q7808816,D08604
Q7809151,D07214
Q7809264,D07087
Q7814615,D07196
Q7825392,D06193
Q7836470,D06204
Q10354103,D00476
Q307661,C00624
Q308976,D06521
Q310919,D07561
Q418201,D07698
Q418237,C10292
Q418354,D07950
Q418379,C14216
Q418408,C00308
Q418492,C03690
Q418508,D00877
Q418523,D00436
Q418546,D00240
Q418607,C10897
Q418819,D00963
Q418831,C15512
Q418834,C00315
Q418905,D02817
Q418998,D00329
Q419143,D00960
Q419164,D00073
Q419175,D00569
Q419355,C18508
Q419394,D00547
Q419495,C10452
Q419513,C07729
Q419550,D08389
Q419608,D00551
Q419652,D00289
Q419663,D00401
Q419705,C11079
Q419740,C16364
Q419820,D07483
Q419822,C07379
Q419824,D08358
Q419926,D01325
Q419930,C18575
Q419935,D00442
Q419948,D00382
Q419995,D07447
Q420009,D00294
Q420098,C11110
Q420284,C00102
Q420364,D05407
Q420436,D07866
Q420571,D08594
Q420680,C07308
Q420857,D05940
Q420859,D00462
Q420886,D03798
Q420899,D01391
Q421058,D08222
Q421072,D00488
Q421091,D07402
Q421094,D08050
Q421119,D00251
Q421193,D05529
Q421204,C10928
Q421239,D00496
Q421297,D07468
Q421301,D00536
Q421336,D07837
Q421338,C14706
Q421352,D00182
Q421371,C14326
Q421385,C11592
Q421598,C18507
Q421626,C18697
Q421748,C02271
Q421748,D02330
Q421751,C02661
Q421888,C01358
Q421902,C14689
Q422112,D04999
Q422210,D00455
Q422257,D07785
Q422322,D07731
Q422343,C14605
Q422416,D00105
Q422418,D01226
Q422438,D02366
Q422597,C01585
Q422604,D01199
Q422782,D03879
Q422970,D00494
Q422991,C07971
Q422994,C19361
Q423075,D07662
Q423083,C14449
Q423111,D09996
Q423123,C00372
Q423323,C05360
Q423364,D08443
Q423376,D00660
Q423380,D08323
Q423401,D00630
Q423428,D00223
Q423515,C10129
Q423520,D00503
Q423538,D08611
Q423751,D08144
Q423797,C08300
Q424027,D00212
Q424057,D06644
Q424145,D00471
Q424163,D04028
Q424208,C11090
Q424312,D00646
Q424319,D00128
Q424409,C00169
Q424446,D08132
Q424577,C06074
Q424581,C11206
Q424597,C00750
Q424662,C14310
Q424684,C18597
Q424771,D00596
Q424775,C16807
Q424882,C18980
Q424889,C18689
Q424939,C14427
Q424940,C07663
Q424965,D03649
Q425015,D01407
Q425097,D07065
Q425122,D07901
Q425286,D08650
Q425289,D00272
Q425362,D00859
Q425380,C07732
Q425386,D07881
Q425536,C00295
Q425729,D07165
Q425827,C14390
Q425887,D03898
Q426220,D01248
Q426373,C14580
Q426475,C18455
Q427179,D08165
Q472476,D07449
Q481757,D01545
Q481822,D00220
Q15051328,D04521
Q193978,D03504
Q204036,C00903
Q205517,D08687
Q207051,C00245
Q277785,D03753
Q279055,D05962
Q282003,C07075
Q284072,C06575
Q284321,D00151
Q284959,D02456
Q287629,C19178
Q335099,D01552
Q342939,C01659
Q342968,C01998
Q343309,C09910
Q368222,D02966
Q368941,D08140
Q371817,D01094
Q407241,D00506
Q407431,D08682
Q407446,C18765
Q407520,C08142
Q407699,C00219
Q407768,C06990
Q407841,D00197
Q408427,D01047
Q408524,D07760
Q408556,D08115
Q408570,D00139
Q408634,C11161
Q408652,C06551
Q408676,D00127
Q408770,C18604
Q408876,C11714
Q408883,D01039
Q408948,D07215
Q409017,C00185
Q409035,C19192
Q409202,C00288
Q409236,D07984
Q409332,C19304
Q409397,C06593
Q409478,C00389
Q409492,D00295
Q409501,D09000
Q409558,D01150
Q409665,D00131
Q409672,D07704
Q409687,C16138
Q409719,D05626
Q409981,D08192
Q410066,C16444
Q410095,C19531
Q410195,D07997
Q410198,D08302
Q410209,C12285
Q410237,D07729
Q410291,D02356
Q410352,D00332
Q410358,D02147
Q410387,D05074
Q410534,D00416
Q410646,D08467
Q410663,D00327
Q410772,C06789
Q410884,C16778
Q410922,D01261
Q410996,C18877
Q411073,C12304
Q411119,C00797
Q411159,D00318
Q411251,D08171
Q411258,C14859
Q411325,D00235
Q411362,D01114
Q411417,D00263
Q411457,D08626
Q411552,D03895
Q411646,D00205
Q411697,D00700
Q411730,C14431
Q411799,D04716
Q412024,D07763
Q412133,D00514
Q412164,D01253
Q412174,D02716
Q412189,D08174
Q412197,D08086
Q412236,D00578
Q412241,C19300
Q412245,C19354
Q412260,C19167
Q412318,D07925
Q412393,D01910
Q412486,D00224
Q412616,D03257
Q412685,D03259
Q412694,C13757
Q412895,C06685
Q413089,C18605
Q413334,C01478
Q413421,C19177
Q413486,D00669
Q413488,C18514
Q413504,D03034
Q413515,C14450
Q413532,C19136
Q413683,C19387
Q413728,D00262
Q413822,C00386
Q413877,C07550
Q413886,C18935
Q413894,D03002
Q413904,C18400
Q413961,D00396
Q414042,C01945
Q414057,C10480
Q414116,C01481
Q414157,C00213
Q414275,D00380
Q414378,D04102
Q414421,C01839
Q414553,C02001
Q414584,C18703
Q414754,C11380
Q414788,D00430
Q414915,D07688
Q414986,D00067
Q415024,C19499
Q415090,D07613
Q415167,D00256
Q415190,C02009
Q415203,D08645
Q415335,C01262
Q415353,D06569
Q415411,D02934
Q415472,C11078
Q415519,C14743
Q415550,D08090
Q415619,D01036
Q415659,C10922
Q415723,C14335
Q415739,D02299
Q415801,D04499
Q415811,C15472
Q415843,D00447
Q415867,C18403
Q415909,D00135
Q416025,D00419
Q416132,D00244
Q416206,D08333
Q416232,D05597
Q416331,D00501
Q416431,D07861
Q416475,D01120
Q416487,D05422
Q416516,D07510
Q416562,D08297
Q416618,C16526
Q416655,C02787
Q416740,D00543
Q416791,D07875
Q416958,D01086
Q416966,D07323
Q416978,D00451
Q417204,D00403
Q417222,D00407
Q417296,D01206
Q417426,C14708
Q417435,C11015
Q417630,D01883
Q417762,D04121
Q417813,D08322
Q417831,C00628
Q417891,C14185
Q417934,C07715
Q417948,D07689
Q418145,D03535
Q418183,C14301
Q779427,C05058
Q780181,D05294
Q781329,C07414
Q784717,D04040
Q949232,C11713
Q1100864,D03537
Q1105900,D01567
Q1109018,D00838
Q1149099,D00655
Q1452256,D07312
Q1463401,C09780
Q1851701,D03353
Q3094785,D02292
Q3429576,C11177
Q4381828,C05999
Q4392804,C14428
Q5002528,C09614
Q6144116,D08235
Q2025,D09706
Q3515,C07864
Q171877,D00008
Q174723,C06174
Q174786,D08334
Q180341,D04983
Q180912,D08170
Q181559,D00098
Q181619,C00303
Q182849,D01083
Q372725,D02354
Q375140,D03467
Q375837,C01424
Q376994,C14533
Q378997,D07317
Q684379,D05143
Q715104,D00595
Q733186,D00627
Q737743,D07873
Q742266,D02941
Q772735,D00625
Q808845,C06889
Q822884,D07130
Q1047468,D01942
Q1175385,D00375
Q1182795,D08901
Q1185089,D00837
Q1300243,D07274
Q1318344,D07247
Q1321320,D01426
Q1530089,D07652
Q1530958,D08319
Q1689157,D08314
Q2149707,D02630
Q2159860,D08328
Q2731762,D02142
Q2739953,C02807
Q2800151,C19146
Q2806929,C05964
Q2815988,C03067
Q2817908,C14137
Q2823212,C05145
Q2823215,C01188
Q2823218,C02233
Q2823224,C01179
Q2823283,D04887
Q2823286,C06470
Q3028468,C18509
Q3609417,D08845
Q3609421,D02800
Q3614347,C05670
Q3617574,D07457
Q3633651,D07377
Q3637399,D07300
Q4332778,D08310
Q4338679,C09280
Q4348178,C10343
Q4363210,D00764
Q4921678,D01142
Q5023018,C16891
Q5037853,D07229
Q5251502,D03669
Q5370305,D07890
Q5373671,C13766
Q5376588,D08254
Q5382095,D10117
Q5431843,D01662
Q5433633,D02656
Q5439136,D07273
Q5439707,D07275
Q5443204,D04143
Q5443412,D04149
Q5508613,C19242
Q5515085,C15094
Q5516429,D01137
Q5520156,D04298
Q5565139,D07147
Q5613599,D08031
Q6985503,D10018
Q6990833,D07382
Q6995920,D08950
Q6996050,D05146
Q6999822,D05150
Q7187065,D08370
Q7198015,D07347
Q7198070,D05509
Q7198071,D05508
Q7198091,D05516
Q7199690,D05522
Q43656,D00040
Q44944,D02730
Q45050,D01767
Q47118,C01633
Q47192,C03500
Q49546,D02311
Q50980,C00385
Q62947,D01230
Q68566,D08236
Q69488,D00110
Q71969,D00393
Q80250,D03627
Q211433,C11249
Q211891,C00088
Q218507,D08689
Q219626,D00124
Q219957,D00538
Q221174,D00537
Q221520,D00386
Q161296,C19233
Q161471,C11088
Q161514,C02457
Q161632,D00099
Q161655,C14790
Q161656,C14082
Q161660,D01558
Q161683,D05097
Q162541,D04720
Q164785,C00423
Q165930,C00483
Q166825,D08056
Q168065,C18602
Q169313,C00242
Q169326,C09981
Q170304,D07870
Q183554,D04253
Q184782,D05467
Q186257,D01657
Q186969,D00126
Q188261,C15587
Q189522,D08460
Q190875,D00088
Q191381,D01085
Q191521,D08514
Q191831,D08853
Q191978,C00721
Q192354,D00100
Q192717,D08531
Q193140,C06546
Q193213,C00246
Q193521,C13409
Q193572,D00097
Q267813,C01474
Q271980,C13624
Q273169,C06866
Q290001,D01599
Q291271,D06890
Q292393,C02441
Q297592,C17714
Q300850,C08492
Q338869,C06793
Q342790,C01471
Q348922,D00248
Q407204,D01711
Q407217,C08302
Q407258,D09201
Q407329,C03582
Q407473,D03474
Q407560,C00751
Q407654,C00708
Q407733,C19275
Q407927,D01043
Q407972,D00270
Q407988,D00280
Q408032,D00052
Q408050,C11144
Q408131,D08119
Q408370,D07170
Q408384,C06413
Q408400,D04194
Q408440,C18790
Q408446,D07287
Q408529,D02543
Q408641,C00327
Q408646,D06226
Q408663,C05688
Q408704,D05637
Q408709,D08124
Q408727,D00857
Q408767,C14398
Q408794,D07668
Q408859,C00858
Q408959,D07329
Q408977,D08679
Q409133,D04088
Q409141,C11687
Q409231,D00141
Q409357,C19911
Q409375,C19359
Q409587,D05113
Q409592,C04596
Q409618,D07841
Q409641,C07600
Q409697,D05394
Q409799,C14707
Q409966,D01514
Q410011,D00456
Q410074,D08146
Q410169,C06173
Q410174,D00801
Q410179,D00714
Q410305,C00262
Q410374,D07425
Q410468,D02717
Q410492,D08111
Q410608,D03180
Q410677,C16838
Q410683,D01817
Q410744,D02411
Q410915,C06588
Q410935,C18644
Q410968,C00765
Q411188,D01164
Q411198,D07510
Q411294,C19523
Q411377,D00947
Q411435,C18810
Q411542,C11208
Q411748,C18656
Q411781,D06078
Q412194,D07593
Q412208,D00362
Q412291,D08940
Q412323,D02994
Q412327,D08953
Q412479,D00377
Q412567,C09814
Q412659,D01738
Q412803,C01586
Q412825,C19168
Q412845,C11149
Q412907,C10981
Q413178,D07270
Q413184,D02624
Q413262,C02083
Q413299,D06409
Q413349,C05697
Q413447,C15499
Q413481,C10994
Q413500,C14443
Q413546,D00282
Q413552,C00048
Q413578,D01076
Q413598,D00553
Q413744,D03714
Q413840,D00786
Q414143,D02368
Q414189,C17530
Q414195,C14395
Q414242,C08301
Q414357,C11121
Q414407,C13963
Q414462,D03213
Q414583,C00113
Q414606,C11101
Q414738,C02086
Q414784,C11387
Q414846,C11368
Q414904,D03208
Q415062,C02632
Q415238,D00381
Q415242,D02841
Q415324,C10173
Q415343,D00742
Q415347,C16884
Q415401,D07871
Q415563,D00554
Q415571,D07535
Q415617,C10982
Q415772,C16806
Q415850,D00555
Q415939,D00266
Q415996,D02577
Q416065,C00557
Q416077,D03454
Q416096,D00209
Q416237,D07971
Q416283,C18512
Q416399,D08904
Q416410,D00707
Q416439,D07288
Q416451,D03021
Q416473,D08300
Q416503,D00556
Q416584,D00629
Q416632,D08257
Q416667,C07119
Q416760,D08181
Q416950,D00950
Q417178,D07330
Q417219,D00444
Q417555,D02698
Q417614,C14442
Q417625,C06681
Q417654,D01782
Q417740,D00359
Q417765,D08378
Q417897,D00210
Q417902,D08473
Q418031,C11018
Q418082,C05146
Q418086,D02889
Q418104,C19263
Q418157,D05458
Q418167,D04868
Q418179,D00236
Q418369,D07907
Q418386,C07166
Q418437,D02337
Q418529,D04931
Q418594,D00398
Q418661,C19440
Q418666,D01136
Q418669,D00586
Q418747,D01080
Q418813,C09849
Q418846,C06472
Q418850,D00694
Q418857,D02338
Q418913,D03215
Q418980,D04369
Q419028,C02528
Q419059,C06850
Q419186,D07906
Q419308,C06180
Q419383,D00546
Q419386,D07136
Q419420,C19165
Q419468,D03488
Q419472,D00487
Q419521,D00922
Q419537,C10449
Q419618,D03670
Q419621,C06876
Q419646,D03917
Q419769,D01227
Q419802,C01104
Q419890,D00330
Q419939,D07874
Q420026,D00645
Q420051,D03715
Q420056,D02748
Q420057,D07119
Q420077,D07299
Q420118,C08304
Q420133,D07398
Q420172,C10896
Q420186,D00317
Q420207,D01223
Q420305,D09214
Q420377,D08215
Q420394,C07314
Q420454,C11181
Q420554,C06748
Q420586,D07660
Q420590,D08489
Q420622,D03791
Q420682,D00337
Q420695,D02445
Q420715,D05630
Q420762,C19241
Q421104,D07277
Q421147,D00993
Q421162,D01775
Q421183,D01071
Q421230,D00237
Q421328,C06712
Q421351,D07148
Q421438,C18677
Q421622,C18413
Q421713,D07659
Q421721,C06244
Q421758,C18447
Q421873,D08915
Q421910,D08365
Q421930,D00563
Q422037,C11422
Q422194,D00368
Q422232,D00142
Q422442,D02129
Q422585,D01425
Q422613,C01571
Q422689,D00352
Q423021,D03789
Q423065,C18445
Q423129,C11340
Q423288,D07791
Q423302,C19415
Q423308,D00987
Q423327,D02499
Q423390,D07878
Q423393,D08533
Q423417,D02500
Q423467,D01276
Q423551,C11233
Q423762,D00491
Q423829,C09066
Q423842,C11142
Q423930,D00340
Q423953,C00565
Q424009,D07863
Q424151,D08513
Q424210,C08469
Q424333,D05792
Q424459,C07075
Q424508,D07905
Q424696,D05653
Q424751,D07883
Q424972,C07370
Q425029,D07411
Q425088,D06067
Q425119,D01140
Q425120,D00303
Q425154,D02596
Q425161,C14508
Q425207,D00425
Q425295,D00274
Q425340,C14695
Q425378,C18651
Q425389,C18428
Q425440,D07269
Q425470,D00155
Q425473,C02287
Q425490,C07051
Q425620,C16074
Q425654,D09318
Q425702,D08515
Q425838,D07590
Q425881,D07089
Q425946,C07974
Q425963,D08318
Q544393,D08654
Q546434,D07624
Q550039,C14321
Q553324,D01466
Q599052,D08258
Q599160,D07482
Q607349,D01367
Q637247,C07805
Q646567,D01437
Q670131,D00434
Q847399,D00417
Q850729,D07596
Q900898,D00475
Q901018,C19525
Q902094,C18142
Q903566,C05582
Q904153,D08512
Q1014257,C18773
Q1924446,D01533
Q2071071,D01580
Q2071515,D01773
Q2072745,D00658
Q2079998,C09010
Q2080808,C14348
Q2083871,C06176
Q2645019,C14435
Q6148446,D01316
Q622421,C00233
Q627499,D07281
Q631457,D07333
Q656259,D08355
Q662511,D08435
Q753330,D09323
Q757702,D02472
Q764283,D01414
Q818165,D03082
Q821641,D00410
Q822929,D07111
Q1075324,D00271
Q1078392,D00345
Q1960495,C11684
Q1992653,D04405
Q1994556,D04196
Q1998021,D05446
Q2013860,C18558
Q2014797,D08104
Q2083144,D08596
Q2146170,C13826
Q2298283,D00369
Q2313471,D02348
Q3045264,D00311
Q3049725,D05771
Q3050386,C09421
Q3651150,D07315
Q3661095,D01597
Q3664175,D07639
Q3680915,D03561
Q3728177,D07617
Q3731252,D07383
Q3739631,D09343
Q3742409,D07343
Q3742491,D01975
Q3746835,D00324
Q3746837,D07219
Q3790542,D00449
Q3791531,D09575
Q3791957,D00654
Q3801333,D01376
Q221945,D02413
Q223066,C18676
Q223097,C05594
Q223412,D07713
Q229887,C14404
Q229970,C00156
Q337188,D00138
Q511627,D01422
Q528995,C14415
Q554297,D00316
Q554881,C07537
Q793143,D07516
Q794152,D01603
Q794810,C00661
Q831929,D07879
Q834660,D07537
Q835757,D08529
Q928378,D00411
Q935761,D03740
Q1060922,D00465
Q1065083,C11787
Q1067123,C00499
Q1073333,D00691
Q1074056,D00385
Q1112374,D06611
Q1117877,C19372
Q1117888,D08092
Q1130256,D07161
Q1163827,D04657
Q1165293,D07276
Q1169164,D00650
Q1346746,D04017
Q1587180,D02053
Q1592932,D06889
Q1607905,C01454
Q1645622,D07208
Q2060696,D01583
Q2533641,D03853
Q2852723,C19327
Q2920456,C16746
Q2937681,D07316
Q2943789,D02486
Q2943815,D02005
Q3008033,D07307
Q3045367,D07795
Q3047647,C19639
Q3180100,C19205
Q3234577,D07368
Q3342150,D00618
Q3468507,C19022
Q3753116,D09620
Q3758034,D04300
Q3825147,D08936
Q3836670,D07257
Q3837481,D01689
Q3844407,C00561
Q3857819,D08944
Q4596776,C19540
Q4596801,C07096
Q4596886,C17601
Q4634063,C06224
Q4634065,C04043
Q4634163,C00957
Q4637069,C15767
Q4637182,C17929
Q4639583,C15780
Q4666480,D10219
Q4671562,D02742
Q4673274,D00219
Q4673299,D06881
Q4676759,D01395
Q4682933,D08840
Q4690888,C12128
Q4708345,D02787
Q4712900,D06552
Q4713785,D02521
Q4859684,D08661
Q4890749,C13751
Q4890814,D00243
Q5057039,D03420
Q5057221,D03423
Q5057238,D00910
Q5057286,D07644
Q5057303,D03432
Q5063323,D01075
Q5064514,D10099
Q5065296,C12058
Q5102983,D00268
Q5103222,C19170
Q5114549,C11394
Q5119890,D03493
Q5131021,D03534
Q5131075,D07354
Q5134338,D03538
Q5134876,D01822
Q5135145,D07139
Q5140349,D03581
Q5144763,D01697
Q5529721,D07319
Q5754240,C06346
Q5814478,D06334
Q2024187,C01875
Q2359711,D07337
Q2362603,D02750
Q2364821,D05464
Q2365033,C07654
Q2376404,C06179
Q2380192,C14320
Q2398298,D08014
Q2415193,D09202
Q2419445,D07793
Q2521416,C19386
Q2526479,D06404
Q2601530,D02344
Q2601832,D08593
Q2602750,D00130
Q2603363,D00519
Q2609815,C14328
Q2754775,D04475
Q3074488,D07969
Q3077501,D07260
Q3092689,C14532
Q3267092,D08293
Q3277208,C15713
Q3294635,C06925
Q3295509,D07189
Q3303006,C10841
Q3496452,D03521
Q3560696,D06311
Q3570984,D01981
Q4765471,D02947
Q4780240,D02967
Q4832285,D07481
Q4832365,D01145
Q4832375,D03035
Q4832566,D07235
Q5646925,D03788
Q5919049,C01495
Q5983577,D07200
Q6062355,D04574
Q6064129,D01258
Q6065428,D07297
Q6085351,C18960
Q6469057,C09489
Q6692646,D04786
Q6695177,D04789
Q6695342,D04790
Q6804390,D04870
Q6807947,D01877
Q6823610,C07849
Q6824062,C19265
Q6824116,D00762
Q6827783,D08217
Q6827850,D02465
Q7161723,D05402
Q7181340,D01190
Q7181394,D02611
Q7239694,C19512
Q7249739,C14186
Q7256633,C19515
Q7263600,C11180
Q7272541,D07336
Q7314016,D01890
Q7334297,D08481
Q7650623,D01289
Q11711607,D04645
Q15366934,D08880
Q15424801,C10823
Q15427876,D09022
Q2467555,C07999
Q2553496,D08268
Q2570844,D07420
Q2579108,D08123
Q2581447,D01319
Q3333256,D01324
Q3333299,C19326
Q3685951,D09329
Q3698382,D07400
Q3706873,D07811
Q3706992,C14292
Q3877355,D05177
Q3878510,C03375
Q3895202,D00495
Q3902720,D07261
Q3927403,D00457
Q3927871,D00576
Q3976823,D02436
Q3976824,D00870
Q3983082,D02469
Q3983108,D06064
Q3992411,D02355
Q4116192,D08324
Q4116987,D07744
Q4116990,D07187
Q4116993,D01300
Q4117086,D07188
Q4199443,D02666
Q4381806,D01306
Q4382200,C02778
Q4544942,6.3.3.4
Q4545790,C08381
Q4733653,D02821
Q4733858,D07126
Q4735754,D07417
Q4745975,D02926
Q4745976,D07443
Q4745982,D02897
Q4745983,D02896
Q4747227,C08733
Q4748890,D07453
Q4750639,D08855
Q4782211,D02972
Q4807593,D02996
Q5186964,D09731
Q5255128,D00667
Q5255131,D07223
Q5259281,D02614
Q5272294,D07204
Q5272471,D03785
Q5275247,D07079
Q5275251,D03809
Q5275254,D07357
Q5275453,D03812
Q5277233,D07847
Q5277354,D07854
Q5402414,D04080
Q5404419,D08916
Q5462612,D02658
Q5462887,D04229
Q5462984,D07193
Q5473363,D07993
Q6036641,D01813
Q6042242,D04540
Q6535779,D10072
Q6546012,C19439
Q6665709,D04979
Q6666263,D04759
Q6676377,D07406
Q6678811,D08020
Q6683498,D07895
Q6875874,D05052
Q6890329,D07262
Q6901670,C18794
Q6913407,C11786
Q6917147,D06621
Q15633960,D02753
Q6505756,D04681
Q6523202,D02668
Q6577315,D01526
Q6578796,D07194
Q6583284,D08353
Q6585166,C19545
Q6587418,D06148
Q6593346,D02374
Q6598844,D07162
Q7448341,D02410
Q7448840,D09666
Q7553298,D04825
Q7553347,D05866
Q7555630,D05879
Q7559307,D05884
Q7636173,D07412
Q7784690,D09216
Q7801007,D01201
Q7802167,D08598
Q7806745,D02035
Q7878818,D06263
Q8065569,D10031
Q8071477,D10329
Q8074586,D06387
Q11309648,D01607
Q12745351,D04398
Q12745763,D02388
Q13019044,D02888
Q15708271,C15636
Q15709152,D07668
Q1997,D00004
Q4087,D02916
Q4369,C01026
Q5282,D05961
Q12161794,C13931
Q15408414,D07370
Q15409365,D07251
Q15409366,D05164
Q15409378,D01718
Q15409393,D07212
Q14985,C05979
Q16391,D03200
Q18225,D03365
Q37129,C01438
Q39111,D00437
Q42171,D08483
Q251698,C06819
Q255564,D02377
Q258450,D02336
Q262270,C05576
Q382185,D02619
Q382897,C14527
Q385858,D00199
Q386441,C07116
Q387276,C11772
Q527070,D09927
Q560542,D00284
Q1050019,C06869
Q1057705,D02391
Q2186476,D02774
Q2188539,C18779
Q2195995,D00594
Q2197890,C02677
Q2240116,D08117
Q2260189,D04450
Q2421270,D03594
Q2439845,D01381
Q2620206,D02810
Q2622539,C11284
Q2623251,D07125
Q2623398,D01290
Q2704310,C02166
Q2705859,C05952
Q2746995,D02479
Q2747851,D01587
Q2758338,D02373
Q2759348,D08149
Q2759512,D01278
Q2760233,D07181
Q2775914,D03015
Q2777979,C00961
Q3291714,D05437
Q3292273,D08305
Q3294630,D00771
Q3302015,C03743
Q3359164,D08312
Q3486981,D01354
Q3497595,D00003
Q3935297,D00879
Q4197874,D01750
Q4482372,D07226
Q4557695,C14500
Q4567614,C07908
Q4596742,C07490
Q4596805,C03056
Q4596898,C17883
Q4596909,C10923
Q4602542,C00232
Q4667249,D10060
Q4673284,C06807
Q4674302,D02756
Q4689254,D06551
Q4689286,D09574
Q4689289,D01638
Q5031709,C06690
Q5057214,D01949
Q5057225,D07638
Q5057239,D07642
Q5057294,D01528
Q5057298,D07655
Q5102911,D07325
Q5102917,D07093
Q5103213,D00269
Q5120112,D03502
Q5473324,D06597
Q5473368,D04257
Q6883597,D05061
Q6908807,D02623
Q6909555,D07395
Q7166509,D03818
Q7171293,D05447
Q7179563,D10022
Q7180497,D07359
Q7181345,C19498
Q7181424,D10005
Q7187413,C19140
Q7194521,D08377
Q7269633,D05668
Q7272085,D05674
Q7272222,D00461
Q7272542,C08032
Q7597513,D05917
Q7693930,D10170
Q7697766,D09219
Q7698194,D08566
Q7699688,D06071
Q7701370,D06075
Q7706553,C09089
Q12144,D03365
Q28917,C07083
Q29428,D02130
Q52353,D00077
Q52822,C07557
Q83187,C00378
Q116472,C10395
Q169960,D00089
Q173670,C00062
Q174259,D00308
Q177094,D08066
Q178425,C00380
Q181003,D00020
Q238490,D00323
Q238512,D00584
Q239426,D08224
Q240642,D00399
Q241006,D00291
Q241049,D07777
Q241150,D00574
Q243354,C19033
Q265352,D02441
Q265831,C07580
Q270162,D05321
Q290862,C02304
Q300989,D00059
Q304088,D07064
Q304330,D07057
Q306051,C07535
Q306140,C00026
Q307088,D02778
Q318369,C00020
Q319877,D00225
Q321068,C06087
Q324147,D06672
Q324628,D03397
Q347621,D00727
Q353551,D02768
Q357415,D08839
Q549803,D07636
Q2550553,C10387
Q2555060,D00587
Q2555245,D02350
Q2723146,D01582
Q2736126,D07635
Q2736135,D01078
Q2736873,D07124
Q4345875,D01758
Q4347890,D00710
Q4734060,D02826
Q4736748,D02838
Q4736979,D02840
Q4742041,D01387
Q4746121,D08851
Q4747075,D09745
Q4784668,D07462
Q4789594,C13927
Q4811881,D10093
Q4859862,D07183
Q4924638,D07233
Q4927426,D01176
Q5198126,D03618
Q5199066,D01256
Q5508491,D01161
Q5516432,D01646
Q5518498,D10125
Q5520259,C03153
Q5927934,C19445
Q6531771,D04696
Q6543740,D04733
Q7041503,D05193
Q7050437,C19139
Q7129767,D05346
Q7165029,D05416
Q7456821,D02686
Q7456835,D10165
Q7555695,D10058
Q7797089,D06115
Q7800043,D07191
Q7801054,D02386
Q7802069,D07351
Q7809222,D08606
Q7809617,D07278
Q55434,D08343
Q58375,D00373
Q59412,D01183
Q61233,D08040
Q61298,C04076
Q159683,D00037
Q161210,D00017
Q161264,C14705
Q161282,C18247
Q161475,C06792
Q161478,C19034
Q161484,C19176
Q161498,C00986
Q161572,D04115
Q161617,C02277
Q162259,C15205
Q165660,C07548
Q166476,D01699
Q181136,D04341
Q181354,D00029
Q187045,D01089
Q187706,D00166
Q192466,C05330
Q193166,C00114
Q209180,C14454
Q209188,C07100
Q209222,C03664
Q209227,C11283
Q209328,C02497
Q209354,C06753
Q209412,C02630
Q210041,C00575
Q211509,D08306
Q212171,D00675
Q218642,C01401
Q682497,D00460
Q685119,D08201
Q792614,D01957
Q1320691,D00428
Q1470932,D06187
Q1638852,C07250
Q1639588,D00872
Q1641923,D07454
Q1672108,D01014
Q1989071,D03865
Q2268608,D07809
Q2271580,C00835
Q2325775,D07645
Q2356505,D07444
Q2358146,D05274
Q2358705,D07135
Q2359590,D00391
Q2360598,D07594
Q2459042,D04603
Q2481797,C08572
Q2487682,D07541
Q2499888,C10847
Q2502747,D10366
Q2784004,D02321
Q2806566,C08063
Q2815992,C02794
Q2850134,C09294
Q2873270,D03217
Q2919537,D03207
Q2920205,C11395
Q2924764,D10309
Q2928948,D00880
Q2972710,C06528
Q3130053,D01995
Q3132209,C00655
Q3132238,C00449
Q3177745,D00994
Q3180495,C19500
Q3183847,D01388
Q3529346,D06167
Q3604532,D07418
Q3611058,D07282
Q3612806,D01513
Q3631024,C08387
Q3637333,C11590
Q3704421,C13650
Q3704503,C14759
Q3706987,D00518
Q3713378,D03888
Q3714813,D07327
Q3758140,D09680
Q3761406,D04317
Q3765251,D03656
Q4830631,D03218
Q4832244,D02620
Q5200427,D07764
Q5260066,C07453
Q5264583,D01240
Q5268339,D08903
Q5272256,C14289
Q5273856,D03794
Q5275450,D07828
Q5276403,D07821
Q5276482,C03113
Q5276700,D07843
Q5277352,D07149
Q5277356,D07855
Q5280905,D03867
Q5961262,C02470
Q5984069,D09349
Q5991162,D04500
Q6085251,D08088
Q6577297,D02516
Q6577302,D01216
Q6578680,D04090
Q6581458,C14171
Q6669652,D07265
Q6683687,D09639
Q6696022,C11715
Q6783851,C10719
Q6804827,D02476
Q6817797,C07818
Q6817800,D08180
Q6817820,D07410
Q7636177,D02439
Q7636191,D01127
Q7636301,D05964
Q7639946,D02569
Q7644399,D01423
Q7646369,D05980
Q122043,C02336
Q130336,D06536
Q146075,D00902
Q146339,C00980
Q146354,C12282
Q147101,D00222
Q148946,C11020
Q149413,C18528
Q150440,C11271
Q150788,C13834
Q150888,C01816
Q151082,C08376
Q151324,C11505
Q155472,D00400
Q218842,D08690
Q220426,D01372
Q221361,D00283
Q221637,D07442
Q222991,C19225
Q223600,C00300
Q225045,C07561
Q584079,D07110
Q736113,D01266
Q745206,D01431
Q834280,D07591
Q847560,D02766
Q850074,D01744
Q851942,D07428
Q864222,C00814
Q891284,C14502
Q897051,D06884
Q898299,C19423
Q898407,C07187
Q902548,D07408
Q903610,C02240
Q903824,D05084
Q904431,D00170
Q904668,D07365
Q904673,D04605
Q905901,D06320
Q905952,D02349
Q906241,C17722
Q906453,D02555
Q906885,D05173
Q907219,D08588
Q908490,C14227
Q909745,D09566
Q910111,D07393
Q929420,D00383
Q1002165,D07981
Q1082945,D07658
Q1091921,D03497
Q1169561,D00431
Q1176336,D01871
Q1179238,D07248
Q1181878,D03665
Q1187765,C19527
Q1188290,D00440
Q1227218,D07271
Q1228284,D09396
Q1230937,D05822
Q1232737,D08340
Q1240093,C01844
Q1747559,D08349
Q1749609,D00463
Q1829318,D07867
Q1885038,C09955
Q2070778,D00242
Q2073868,D04186
Q3217922,C12633
Q3267971,D02528
Q3271949,D03692
Q3314420,C06756
Q3332124,C07511
Q3827314,D04671
Q3827439,D08109
Q3829321,D09633
Q3832559,D09355
Q3876717,D01050
Q3877353,D04420
Q3882289,D08041
Q3891664,D10138
Q3905585,D01885
Q3905662,D05515
Q3978097,D00452
Q3991659,D07137
Q3997863,D09980
Q4015903,C09252
Q4021823,D07433
Q4024559,D07390
Q4117076,D01934
Q5065694,D07663
Q5134765,D07718
Q5134843,D02287
Q5134930,D07236
Q5135111,D03559
Q5135113,D02649
Q5135141,D07160
Q5135153,D03566
Q5144764,D03585
Q5308701,D07267
Q5380973,D07897
Q5383720,D04033
Q5384461,C14303
Q5384492,D04041
Q5401860,D00948
Q5404591,D07114
Q5404593,D04097
Q5404598,C04373
Q5405160,C12724
Q5415983,C19422
Q5434818,D04131
Q5436839,C13311
Q5443568,D07091
Q5443576,D04162
Q5443577,D07947
Q5460218,D01259
Q5462629,D04205
Q5462775,D04210
Q5462776,D04211
Q5462791,D00325
Q5462893,D07242
Q6003924,D08932
Q6024927,D02640
Q6064817,D01761
Q6064819,D02161
Q6590380,D07168
Q6824210,D04986
Q6827784,D05025
Q6839784,D08219
Q6937233,D05091
Q6948247,C19914
Q7197195,D02606
Q7197255,C00408
Q7198039,D08391
Q7199622,D07342
Q7939986,D10182
Q8564451,D04243
Q10859491,C19303
Q10859610,D01815
Q483752,D00039
Q484940,D00065
Q510494,D00390
Q576684,D07387
Q598713,D07872
Q668093,C06834
Q695611,D01828
Q704769,C19331
Q2601859,D02306
Q2607865,D07858
Q2645488,C19138
Q2653981,C19214
Q2823199,C04104
Q2823200,C00196
Q2823220,C01013
Q2823225,C01036
Q2823272,D08073
Q2823289,C00830
Q2823318,C01456
Q2823324,C00438
Q2823819,D02751
Q2823834,C08150
Q2878140,C08122
Q2896787,C19343
Q2943814,D07649
Q2964078,D07721
Q3028201,C18499
Q3065731,C00250
Q3068413,D02582
Q3077133,D10172
Q3080279,D07723
Q3085140,D00704
Q3843044,D02351
Q3869873,C07613
Q4644260,C11326
Q4645526,C16206
Q4708967,D09702
Q4713192,D01820
Q4764531,D03211
Q4779956,D06557
Q4918862,C07967
Q4921166,D07641
Q4973749,D01101
Q5569924,D02430
Q5569932,D07118
Q5572621,D01542
Q5577596,D02359
Q6715310,D03376
Q6743165,C02222
Q8066254,D06356
Q8073564,D06381
Q11071947,D04794
Q150681,C01387
Q155685,D00299
Q282629,D08675
Q285594,C11126
Q285878,C06677
Q286846,D05353
Q287840,D02301
Q582556,D01131
Q617226,D08587
Q620730,D00011
Q646045,D08239
Q660090,D07380
Q818139,D07512
Q1243800,D00347
Q1253473,D01309
Q1439555,D07255
Q1606543,D03182
Q5748740,D04435
Q5749095,C14172
Q7100015,D08299
Q7101491,D05269
Q7103387,D08301
Q7115662,D05299
Q7116109,D06877
Q7825530,D06195
Q7825683,D09685
Q7841462,C07642
Q7842199,C07178
Q7844989,D00395
Q10579342,D07891
Q10967792,D07304
Q12263499,C14592
Q116269,C16459
Q179724,C00829
Q179731,C12603
Q179894,D07413
Q180983,D00168
Q181381,D04291
Q182040,C11045
Q183290,C00065
Q184832,C00209
Q185906,C00152
Q185916,D01907
Q186357,C18712
Q186414,C00292
Q187921,D05456
Q188543,D01139
Q190143,C00149
Q192423,D00036
Q192553,D09353
Q193054,D01726
Q511968,hsa04114
Q511968,hsa04914
Q511968,hsa05215
Q511968,hsa05222
Q511968,hsa04110
Q511968,hsa05161
Q511968,hsa05169
Q511968,hsa04115
Q511968,hsa05200
Q511968,hsa04151
Q511968,hsa04068
Q511968,hsa05168
Q511968,hsa05203
Q511968,hsa05162
Q518027,D07949
Q518114,D05309
Q667184,D07328
Q848264,D07961
Q854263,D01034
Q862989,D01810
Q899036,D03582
Q899877,C00266
Q901963,D07775
Q903332,C02814
Q903362,D05554
Q903387,D06438
Q904011,D03696
Q904524,D07601
Q905750,D00102
Q905755,D03410
Q905783,D04641
Q906414,D00404
Q906934,D04215
Q907148,D08673
Q976559,D00590
Q2622839,D08585
Q2631777,D04632
Q3291758,C19520
Q3638304,D09874
Q3665683,D07667
Q4445779,D08549
Q4533122,D00708
Q7160813,D05393
Q7181338,D08350
Q7181429,C02735
Q7700556,D07360
Q7705238,D07182
Q7705411,D01274
Q7705415,D09015
Q7800429,D02712
Q7811734,D00063
Q7814101,D00379
Q7814266,D06182
Q7859691,D06260
Q7877498,D01823
Q7879715,D08660
Q9363588,D07373
Q12745720,D06327
Q12746348,D08286
Q153,D00068
Q907919,C14534
Q908013,D04140
Q909353,D02151
Q920900,D07083
Q1041804,D08068
Q1268941,D09637
Q1312775,D08586
Q1326389,D07421
Q1453445,D00917
Q1706418,D03740
Q2055825,D03557
Q2079440,C14574
Q2456591,C10044
Q2465218,D00315
Q3333250,D02595
Q3359058,D00885
Q3511416,C10882
Q3517006,C10534
Q3533249,C10294
Q3592452,D07320
Q3592644,D04087
Q7611141,D07381
Q7636056,D05942
Q7636175,D07241
Q7636239,D08546
Q7645151,D05975
Q11426176,D00472
Q15408402,D04260
Q15408416,D07105
Q15408425,D08861
Q15409394,D08168
Q15409399,D04781
Q15409428,D07334
Q15410181,D02517
Q15410876,C11323
Q7774,C01818
Q25792,C01755
Q26963,D00066
Q29310,D00397
Q32089,D00753
Q32921,D00542
Q33103,C11118
Q48318,D00023
Q81166,C19164
Q81890,D00728
Q83253,D00384
Q600867,D08448
Q601419,D07104
Q610084,D07308
Q631202,D03710
Q632856,C12269
Q642217,C01717
Q736270,C07633
Q740439,C10822
Q771975,D07458
Q779118,D03671
Q793471,C08748
Q799564,D02480
Q827916,D00392
Q867171,D03492
Q868658,D08964
Q940529,D07159
Q944244,D08074
Q947266,D00523
Q958087,D08106
Q963093,D00120
Q963406,D07099
Q965999,D01252
Q966412,D04295
Q1147309,D00286
Q1147539,C00571
Q1207210,D07806
Q1215575,D00118
Q1216354,C17016
Q1236526,D08387
Q1644947,D02837
Q1649219,D08347
Q1649534,C09269
Q1758380,D00063
Q1864653,C18754
Q2013941,C04137
Q2034390,D03712
Q2211523,D10158
Q2364327,D01335
Q3231623,D07651
Q3234708,C07208
Q4795601,D07465
Q4811598,D07470
Q4860568,D07217
Q4880243,D02563
Q4890748,C01784
Q4890934,C06847
Q4921174,D03428
Q6063905,D04586
Q6064149,D01714
Q6064187,D01555
Q6665655,C11114
Q6687842,D07396
Q11786072,D05080
Q15211075,D06265
Q15304877,D01064
Q15322710,D08008
Q132621,D00095
Q134192,D03186
Q134658,D00049
Q135270,C06536
Q139160,D03799
Q139857,C00122
Q143200,C13377
Q143429,C19503
Q169569,D00409
Q170591,C00283
Q172275,C13827
Q174727,C18670
Q176301,D00533
Q177836,D02051
Q375112,C07113
Q377036,D01993
Q377270,D07831
Q377342,D00562
Q383730,D03623
Q384993,D00043
Q385370,D03697
Q460478,D02890
Q729863,D07195
Q749664,D07416
Q753100,D08351
Q754690,D02305
Q756551,C08296
Q757058,D06172
Q928054,D08091
Q935387,C00542
Q999780,D07301
Q999813,D08357
Q1083757,D03424
Q1095009,D03975
Q1135705,D00424
Q1164067,D07781
Q2130929,D02442
Q2149443,D00470
Q2194382,C14438
Q2263999,D01328
Q2275328,C14318
Q2283186,C19158
Q2315302,C01550
Q2329841,C14308
Q2392530,D08535
Q2823201,C04409
Q2823207,C00322
Q2823213,C00632
Q2823232,C11821
Q2823284,D02341
Q2823312,D08599
Q2938837,D09997
Q2964133,D07678
Q3023727,C14595
Q3058085,D04055
Q3074500,D02302
Q3117895,C02576
Q3124290,D07385
Q3194310,D08096
Q3258910,D04768
Q3266675,C06758
Q3268119,C14425
Q3307752,D05021
Q3322838,C07538
Q3323027,C18864
Q3329406,C07432
Q3742067,D01675
Q3772225,D02427
Q3773206,D06463
Q3798322,D07141
Q3799041,D08933
Q3836403,D08141
Q3933703,D05721
Q3940320,D02282
Q3995913,D08622
Q4000172,D09027
Q4006490,D06400
Q4008670,D06281
Q4021708,D06328
Q4363248,D08392
Q4363471,D00418
Q4596860,C03665
Q4634064,C05580
Q4637048,C06643
Q4637052,C14220
Q4637113,C07088
Q4637187,C14456
Q4666461,D02594
Q4668103,D02739
Q4673311,C02727
Q4675133,D02759
Q4682904,D02770
Q4761739,D01584
Q4763296,D02939
Q4779259,D02965
Q4779987,D03214
Q4815980,D10027
Q4832127,D03025
Q4832281,D03032
Q4928422,D10094
Q5065299,D03442
Q5184160,D10102
Q5187423,D07752
Q5187464,D03605
Q5198686,C19379
Q5201320,D07768
Q5221244,D07107
Q5256385,D02600
Q5308615,D01496
Q5370168,D07889
Q5379471,D04004
Q5383041,D04021
Q5383219,D01394
Q5383774,D10006
Q5441137,D07389
Q5443595,D04164
Q5446524,D10123
Q5448275,D04185
Q5458730,D02568
Q5458733,D04191
Q5462792,D07972
Q5473321,D04248
Q5613542,D04375
Q5613575,D07169
Q15409427,D08077
Q15409432,D06876
Q15410171,D08735
Q15410175,D09978
Q15410187,D01956
Q15424759,D09994
Q14982,D02309
Q16392,D00137
Q18936,D03899
Q58396,D08070
Q58447,C05361
Q58614,D02340
Q61457,C00084
Q193598,D00018
Q194207,C01380
Q194322,C00898
Q198473,D06363
Q199678,D00018
Q201928,D07452
Q206778,C00094
Q222424,D08002
Q223030,C11319
Q223093,C13708
Q223101,C07328
Q228143,D03556
Q229848,C14288
Q229922,C10998
Q229969,D04441
Q256602,D00186
Q257331,C07313
Q260326,D00890
Q261167,D01385
Q262210,D04624
Q263612,D02969
Q308875,C06213
Q337668,D07058
Q338005,D00216
Q369777,C01601
Q372291,C02845
Q372539,D04127
Q413805,D01639
Q413918,D00545
Q413968,D00167
Q414030,D01370
Q414109,C00507
Q414231,C08323
Q414236,D00532
Q414317,D07376
Q414351,D01133
Q414413,D02473
Q414456,D01430
Q414547,D00566
Q414555,D00123
Q414767,D00591
Q414796,D00370
Q414866,C18567
Q414873,D00349
Q414914,D00779
Q415020,D08266
Q415051,D08220
Q415081,D07869
Q415099,D07346
Q415111,C14302
Q415122,D07958
Q415178,D00804
Q415220,D07472
Q415264,D02598
Q415304,D02367
Q415336,D05045
Q415366,D08607
Q415403,D07978
Q415433,D08253
Q415476,D07944
Q415536,C08262
Q415578,D01776
Q415654,D07716
Q415709,D07711
Q415752,D08339
Q415896,D07750
Q415957,C06563
Q415970,D00626
Q415972,D07309
Q415997,D02363
Q416036,C19377
Q416054,C00544
Q416073,D02554
Q416120,C10986
Q416154,D08526
Q416160,C11172
Q416253,C19302
Q416341,D01581
Q416414,D08590
Q416444,D00781
Q416463,D07129
Q416507,D00583
Q416534,C00474
Q416558,C15474
Q416643,C19239
Q416701,D08216
Q416775,C06076
Q416860,C11254
Q416905,D00768
Q417017,C14433
Q417097,D08114
Q417141,D03936
Q417157,C15470
Q417208,C07339
Q417240,D07473
Q417317,D03250
Q417542,D06402
Q417597,D08421
Q417682,C06636
Q417689,D02689
Q417746,C10451
Q417767,D08229
Q417824,D01977
Q417873,D07931
Q417874,D00245
Q417878,D02380
Q417884,D07765
Q417896,C17914
Q417997,D01966
Q418080,C10832
Q418101,D00513
Q418130,D05127
Q418320,C11037
Q418445,D00548
Q418480,D08560
Q418586,D04008
Q418625,D02971
Q418725,D08307
Q418785,D07310
Q418928,D07945
Q419019,D01695
Q419124,C18675
Q419173,C01451
Q419406,D02818
Q419421,D06262
Q419578,C14184
Q419586,C11906
Q419633,C08369
Q419724,D00565
Q419726,C08618
Q419829,C10454
Q419952,C06577
Q420323,D04024
Q420350,D01044
Q420383,D00474
Q420387,C06456
Q420449,C01493
Q420532,D08680
Q420542,D09017
Q420614,C19375
Q420639,C06175
Q420673,D08030
Q420705,D01046
Q421041,C19184
Q421042,D07080
Q421081,C10462
Q421136,D08524
Q421315,D08255
Q421348,C11129
Q421368,D02579
Q421379,C18756
Q421381,D07962
Q421429,D00438
Q421534,D02997
Q421567,D00539
Q421593,C10983
Q421695,D07192
Q421738,C11147
Q421761,C07565
Q421905,D02364
Q421937,D08054
Q421994,C06523
Q422152,C14315
Q422188,D00443
Q422198,D00894
Q422215,D05411
Q422229,D07845
Q422244,D00823
Q422265,D05908
Q422435,D01245
Q422564,C00294
Q422618,D00427
Q422631,D00353
Q422634,C08320
Q422645,D00896
Q422654,D00429
Q422709,C19446
Q422740,D00549
Q422806,C07529
Q422884,C01537
Q423029,D05208
Q423098,D08260
Q423136,C14291
Q423169,D00346
Q423174,C16207
Q423185,D07749
Q423256,C05658
Q423282,C00854
Q423314,C11261
Q423354,C18124
Q423357,D04117
Q423366,D08259
Q423369,C12662
Q423423,D08543
Q423462,C19425
Q423741,D08422
Q423757,D07913
Q423783,C11690
Q423809,D00790
Q423890,D00297
Q423892,C01792
Q423895,C11019
Q423912,D00557
Q423984,D00445
Q424003,C08060
Q424049,D00364
Q424260,D02575
Q424314,D00215
Q424372,C10996
Q424442,D02357
Q424567,C01477
Q424726,C08705
Q424794,C18466
Q424799,C14530
Q424845,C18695
Q425027,D00593
Q425293,D07992
Q425296,D08411
Q425300,D02489
Q425502,C08042
Q426010,D09377
Q426081,D08683
Q426460,D03473
Q426897,D08451
Q426921,D02481
Q427071,C16844
Q427956,C13452
Q470449,D01304
Q506710,C00080
Q510154,D02339
Q524670,D04897
Q553129,D10121
Q567927,D08385
Q570757,C08309
Q577377,D07540
Q1988832,D00961
Q2231923,C14426
Q2253370,D01384
Q2291605,D08225
Q2295855,D06888
Q2344582,D00412
Q2359690,D00493
Q2548040,C02372
Q2662662,D07820
Q2714546,C08588
Q2720515,C11164
Q2734874,D01866
Q2787672,D07386
Q2843568,D10088
Q2846011,D02938
Q2849857,C09060
Q2926003,C10911
Q2929006,C00136
Q2975866,C19541
Q2988108,C07212
Q2991856,D08638
Q3025599,D07805
Q3026266,D01037
Q4972934,D10061
Q5047057,C11080
Q5057292,D07643
Q5057293,D03427
Q5102912,C19056
Q5119402,C10437
Q5119441,D01334
Q5119442,D03486
Q5119443,D03487
Q5119444,D03619
Q5119448,D01703
Q5120196,D07280
Q5121012,D07700
Q5121335,D03523
Q5891790,D06202
Q15264815,D07279
Q15295638,D05205
Q2270,C01407
Q2314,D02056
Q2447,C13645
Q4118,D05963
Q121874,D01016
Q123195,D02923
Q125986,C18436
Q127060,C00504
Q161275,C19534
Q161284,C14039
Q161465,C14336
Q161480,C06752
Q161529,C07092
Q161532,C14440
Q161662,C14696
Q161667,C14272
Q164403,D08373
Q207722,C00396
Q208118,C07576
Q209428,D02931
Q209457,C00109
Q210021,D00058
Q210385,C00747
Q211086,D02057
Q213511,D00140
Q213580,C00022
Q238544,D07339
Q238563,C02376
Q239593,D00042
Q243309,C00318
Q244408,D07816
Q248550,D00749
Q267896,D05457
Q269111,D07460
Q271943,C16521
Q274515,D00104
Q304285,D08275
Q304570,D07245
Q305345,D02777
Q305555,D02738
Q327506,D04334
Q342745,D02760
Q343014,C19238
Q343028,C19443
Q343465,C06770
Q352348,D01112
Q389207,D07902
Q390239,C12819
Q402633,D03731
Q402846,D02291
Q405357,C10429
Q407225,D04623
Q407290,C06813
Q407324,C07575
Q407350,C00742
Q407535,D05312
Q407541,D00320
Q407569,C00257
Q407592,D08623
Q407617,D02360
Q407646,D00062
Q407883,D00351
Q407962,C00092
Q408022,C00543
Q408163,D07455
Q408221,C18696
Q408234,C10926
Q408265,D00365
Q408283,D03684
Q408289,D04316
Q408345,C04178
Q408389,D02379
Q408432,C07408
Q408437,D00569
Q408471,D02362
Q408535,D08456
Q408557,D09012
Q408588,D09698
Q408626,C01420
Q408637,D02537
Q408801,D00567
Q408915,C08299
Q408916,C00741
Q408963,D04531
Q409013,D07677
Q409054,C07552
Q409150,C08312
Q409173,C19308
Q409184,C07111
Q409192,D00132
Q409292,D00807
Q409298,C03134
Q409309,C00409
Q409367,C14704
Q409468,D02358
Q409564,D05220
Q409622,C00489
Q409632,D00499
Q409804,D00121
Q409853,C13637
Q410040,D06596
Q410056,C19334
Q410069,D01914
Q410078,D00531
Q410116,C11150
Q410157,D07321
Q410225,D00703
Q410243,C14452
Q410278,C00813
Q410346,D00354
Q410400,D00512
Q410465,C07446
Q410513,C07120
Q410588,C07599
Q410618,D08182
Q410634,C03248
Q410829,C17725
Q410830,C00493
Q410846,D02601
Q410871,C19208
Q410911,C18588
Q411064,C00280
Q411150,D07862
Q411202,D07856
Q411229,D00350
Q411310,C01709
Q411347,D07450
Q411424,D03093
Q411447,D00453
Q411462,D02490
Q411478,D00322
Q411511,D02240
Q411575,C06747
Q411635,C14388
Q411659,C01907
Q411773,C14692
Q411787,D02494
Q411882,C07667
Q411917,D00540
Q411932,D07880
Q411940,D00698
Q412078,C01563
Q412182,D05928
Q412221,D00281
Q412276,C19459
Q412299,D00464
Q412303,C18744
Q412340,D00265
Q412346,C11344
Q412388,C07593
Q412391,D07409
Q412403,D00117
Q412409,D01740
Q412424,C10490
Q412429,C14279
Q412435,C01411
Q412441,C18663
Q412515,D02342
Q412519,D00105
Q412529,D05731
Q412534,D00255
Q412556,C06604
Q412690,D04292
Q412742,C07608
Q412909,D03441
Q413050,D08575
Q413116,C11028
Q413147,D08368
Q413465,C14448
Q413531,C08316
Q413581,D03165
Q413684,C18451
Q413690,D00218
Q413787,C17384
Q1958189,D07101
Q2637746,D06199
Q2697833,D03203
Q2708025,C11437
Q2745755,D05075
Q2757844,D00582
Q2768526,D05072
Q3479994,D06883
Q3560549,C02455
Q3563148,D10184
Q3604494,D02457
Q3676519,D02061
Q3680895,D07244
Q3705147,D07784
Q3745928,D07345
Q3746573,D01716
Q3758306,D04031
Q3801853,D04612
Q3817186,C18511
Q5130404,D03531
Q5132472,C07853
Q5134764,D07717
Q5134854,D03462
Q5134931,D03552
Q5135140,D01436
Q5643439,D00339
Q7692717,D06051
Q7699849,D06072
Q14664569,D08935
Q15366704,D00467
Q781304,D07250
Q782318,D01162
Q794162,D07526
Q795057,D10062
Q1183089,C02218
Q1186872,D07787
Q1318776,D00075
Q1323947,C19542
Q3108899,D00335
Q3114549,D08346
Q4352011,C05659
Q4352952,D02193
Q4832859,D01323
Q4853502,D07197
Q5976757,C17968
Q5984366,D04488
Q5991156,D08064
Q6002025,D00974
Q6003989,D06273
Q3877030,D00965
Q3887699,C19556
Q3887768,D07266
Q3954765,D05817
Q3962119,D02544
Q3976577,D07060
Q3976827,D02434
Q3981685,D01132
Q3982536,D06652
Q3985253,D00153
Q4036893,C11591
Q4064027,D01001
Q4064330,D02909
Q4116162,D07440
Q4117078,D01212
Q4353533,C11004
Q4409774,D08094
Q4545767,C01888
Q4724257,D09675
Q4727236,D10087
Q4737376,D01208
Q4741993,D02884
Q4747531,D10090
Q4747983,D07451
Q4748723,D08854
Q5266620,D02693
Q5274949,D00898
Q5275451,D01327
Q5276444,C00921
Q5276473,D00581
Q5276477,D07092
Q5277240,D07848
Q5277306,D07397
Q5283598,D03875
Q5287812,C02678
Q5402392,D04074
Q5402802,D04077
Q5402835,C17724
Q5404754,D07355
Q5429279,D02451
Q5515384,D08004
Q5516409,D08018
Q5521314,D08010
Q5530013,D01529
Q5953407,D00541
Q6149812,D01593
Q6511829,D04683
Q6518814,C19529
Q7039435,D07072
Q7051185,D00954
Q7067325,D07426
Q7076680,D00441
Q7194856,D07314
Q7198067,D01231
Q7226308,D07434
Q7227099,D00657
Q7301602,D01121
Q7316883,D08986
Q7318417,D06398
Q7841414,C07861
Q7842225,D06238
Q15098649,C19526
Q15633919,D02584
Q15633953,D02761
Q15633955,C10632
Q47512,D00010
Q145052,D00530
Q150744,C08374
Q151038,C08384
Q151313,C06547
Q151797,C14710
Q5871149,D02369
Q6085646,D04625
Q6590424,D08511
Q6628390,D05335
Q6817819,D01602
Q6821182,D04941
Q6821618,D02671
Q6823955,C03884
Q6951386,C18795
Q6958167,C11371
Q7083108,D09939
Q7086489,D05245
Q7108506,D08959
Q7108517,D09362
Q7115623,D05293
Q7116606,D05323
Q194974,D00964
Q196473,D03726
Q202218,D01772
Q204384,C15232
Q517266,C08380
Q523771,D03028
Q2018788,C12312
Q2022983,D05947
Q2031078,D01645
Q2062094,D05595
Q2064915,D03595
Q2784534,D07344
Q2896793,C19197
Q2901642,D07527
Q3268750,C07448
Q3272027,C07887
Q3302873,D01420
Q3306175,D04923
Q3375171,D02154
Q3375325,D05440
Q4263761,C08275
Q4291328,D04947
Q4413249,D07353
Q4492348,D05140
Q4493189,D02440
Q4673064,D07063
Q4682934,D01774
Q4734170,D06553
Q4734671,D02830
Q4735440,D02833
Q4747721,C16028
Q4781812,D07461
Q4784109,D01562
Q4795760,D02987
Q4803950,C10946
Q4859855,D06646
Q4880388,D07496
Q4925433,C02010
Q4925524,D06885
Q5014875,C13675
Q5057218,D07634
Q5057220,D03422
Q5057222,D07237
Q5057232,D01054
Q5057287,D00259
Q5057291,D01052
Q5057295,D07656
Q5057296,D07657
Q5057301,D08885
Q5065704,D07665
Q5102982,D02557
Q5102985,C16446
Q5103225,D07198
Q5103226,D00770
Q5103230,C07559
Q5119931,D03495
Q5120162,D02581
Q5516411,D08005
Q5896650,C10630
Q5897556,C00372
Q6534827,C07069
Q7135218,C07413
Q7144397,D10187
Q7160789,D02745
Q7160794,D09316
Q10384947,D07252
Q5983609,D04485
Q5984863,D03747
Q5986553,D03266
Q6482953,D01972
Q6577324,D07239
Q6581305,D10146
Q7335571,C19518
Q15779,C01455
Q18939,D00238
Q19484,D04966
Q57055,D00217
Q60235,D00528
Q61387,D08288
Q73972,D01027
Q132501,D00028
Q138742,C11489
Q139199,C14691
Q139200,C05441
Q142880,C07672
Q161233,C00058
Q161268,C18246
Q161280,C19536
Q161507,C18627
Q161555,C01672
Q161580,C05771
Q162867,D00515
Q163648,D07367
Q165399,D07486
Q184564,C01780
Q184630,D02060
Q186242,D00076
Q186474,D00026
Q188017,C00082
Q190012,C00212
Q190865,D02053
Q191700,D00038
Q191924,D08187
Q192437,C00831
Q192471,D02335
Q209467,D08367
Q210402,D00293
Q212272,D00341
Q212553,C08737
Q216935,D00358
Q218284,D08688
Q218820,D00415
Q251005,D00202
Q255680,D00367
Q255968,D00160
Q259997,C00192
Q263958,D08449
Q278809,D00194
Q279504,D08490
Q280786,D08569
Q283917,C00488
Q284201,C02020
Q285911,D00112
Q287029,D00348
Q310473,C02846
Q312125,C01892
Q312229,C16241
Q312244,C01403
Q312251,C01468
Q339734,C05123
Q342717,C19315
Q370244,D07782
Q372524,D02314
Q372598,D00450
Q394317,C00179
Q395229,D02578
Q407153,D02319
Q407232,C01705
Q407308,D00371
Q407426,C01595
Q407495,C01486
Q407669,D01087
Q407709,C18714
Q407721,D07132
Q407743,C06701
Q407781,D03742
Q407857,C05625
Q407997,D08079
Q408132,D01320
Q408300,D02629
Q408732,C10208
Q408865,D00133
Q408908,C00481
Q409061,C01234
Q409178,C00414
Q409216,C00191
Q409241,C19295
Q409267,D07825
Q409304,C00218
Q409373,C03547
Q409482,C06354
Q409579,D07321
Q409595,D02580
Q409598,C10953
Q409606,C10197
Q409608,C06425
Q409676,C19358
Q409682,C11042
Q409692,C00164
Q409721,C05141
Q409729,D02824
Q409761,D07441
Q409762,C19501
Q409765,D00342
Q409978,D00198
Q410061,D02910
Q410089,C14512
Q410107,C14396
Q410190,C02896
Q410290,C16985
Q410412,D00252
Q410441,D01832
Q410595,D00196
Q410597,C11036
Q410603,C01412
Q410888,C01499
Q410965,D04539
Q411022,C09084
Q411084,C00928
Q411175,D06619
Q411208,C00954
Q411240,D00585
Q411279,C15235
Q411303,C14334
Q411314,C06554
Q411330,D08669
Q411412,D00568
Q411441,D08045
Q411456,D00402
Q411461,D00525
Q411517,D00652
Q411557,D00580
Q411594,D00544
Q411629,D00134
Q411887,D03822
Q411950,C10931
Q411958,C11043
Q412107,D07812
Q412143,D00387
Q412178,D08559
Q412223,D00203
Q412350,D00517
Q412371,C07331
Q412423,D07767
Q412443,D00426
Q412460,C19299
Q412645,C18647
Q412666,D00421
Q412815,C15345
Q412835,C14240
Q412933,D08150
Q413000,D02613
Q413098,C14507
Q413188,D04970
Q413370,D01244
Q413491,C01712
Q413507,C14229
Q413587,C18477
Q413591,D08525
Q413717,D00241
Q413722,D05814
Q413755,D01138
Q413772,D08614
Q413784,D05523
Q413793,D01707
Q413879,D04358
Q413976,D07305
Q413994,D08600
Q414013,D07616
Q414028,D00969
Q414225,D00558
Q414270,D05697
Q414414,C06231
Q414562,C10991
Q414724,C18725
Q414762,D04112
Q414779,D07521
Q414809,C14211
Q414886,D02437
Q414902,C06555
Q415032,D01973
Q415103,C19312
Q415118,D02622
Q415150,C10980
Q415173,D07650
Q415196,D02435
Q415341,C14746
Q415359,C09871
Q415378,D00363
Q415612,C14214
Q415744,D00775
Q415793,D00498
Q415869,D00254
Q415933,D01042
Q415988,C19248
Q416086,C19250
Q416199,D02483
Q416225,D08677
Q416231,C11040
Q416285,C14516
Q416304,C19067
Q416361,D02160
Q416365,D03309
Q416393,C11091
Q416572,D06114
Q416660,D01769
Q416706,D05129
Q416716,C05151
Q416827,D07937
Q417134,C14176
Q417169,D03341
Q417227,D00709
Q417465,D00420
Q417535,C02077
Q417571,D00144
Q417603,D00733
Q417606,C05905
Q417640,D00333
Q417674,C19497
Q417731,C09815
Q417830,D01117
Q417847,C19524
Q417909,D00521
Q417915,D05938
Q417942,C07014
Q417958,D06062
Q418006,D02690
Q418050,D00561
Q418060,D03693
Q418109,C19266
Q418139,D07916
Q418224,C10105
Q418247,C14343
Q418265,C10920
Q418267,C06124
Q418351,D00376
Q418361,D02566
Q418384,C10041
Q418421,C13410
Q418560,D00343
Q418571,D00313
Q418611,D00278
Q418656,D08423
Q418730,D07726
Q418817,D00125
Q418940,D02322
Q418946,D02138
Q419008,D00744
Q419070,D00861
Q419079,D05099
Q419170,C19424
Q419374,D00302
Q1040678,C18513
Q1063862,D08062
Q1097778,D01338
Q1281020,D09338
Q2342544,D07190
Q2357007,D07946
Q2462902,D01577
Q2471714,D08100
Q2734674,D00264
Q2736402,D03680
Q2739882,C03189
Q2740979,C00581
Q2760221,D02073
Q2817103,C03373
Q2823196,C04322
Q2823208,C02357
Q2823209,C00349
Q2823217,C00141
Q2823221,C05100
Q2823271,C00168
Q2823840,D07350
Q2862455,D04926
Q2864430,D07356
Q2868667,C18350
Q2889652,D03248
Q2889971,D00651
Q2930096,C08291
Q3007886,C06521
Q3008585,C02642
Q3009981,D02711
Q3009984,D07648
Q3010545,D09208
Q3492616,D04477
Q3493048,D08228
Q3502778,C04823
Q3556999,D02152
Q3943310,C01137
Q4752549,D02937
Q4765674,D02948
Q6804828,D04877
Q6807285,D04885
Q6863173,D05039
Q6863285,D05041
Q6884708,D01392
Q6901567,D02276
Q6902068,D07179
Q6984546,D05126
Q6986146,D01416
Q6991226,D01468
Q7245902,C11299
Q7247120,D08424
Q7250328,D02361
Q7450628,D06640
Q7514072,D05837
Q7525805,D05847
Q7939403,D01665
Q7941876,D03786
Q8073565,D07075
Q10858039,C10478
Q10859645,C00576
Q10860983,C19122
Q11349901,D04715
Q26075,C01326
Q26272,D00113
Q28746,D00005
Q28775,C00003
Q29417,D00094
Q33495,D00091
Q128381,C06538
Q419397,D00233
Q419643,D07335
Q419732,C10925
Q419753,D00832
Q419811,D03804
Q419849,D01843
Q419940,D03658
Q419944,D05087
Q419946,C11263
Q419987,D08044
Q420039,D06490
Q420043,C10469
Q420188,D04157
Q420296,D03455
Q420346,C13910
Q420360,D08362
Q420416,C14114
Q420518,C09747
Q420553,D05096
Q420595,D01079
Q420607,D08428
Q420626,D00336
Q420644,D00319
Q420685,D02562
Q420820,C11272
Q420864,D00490
Q420891,C18880
Q420955,C19185
Q420984,D00433
Q421008,C11565
Q421052,D02714
Q421055,C18667
Q421095,D00726
Q421274,D02347
Q421278,C16777
Q421304,D05575
Q421308,D00057
Q421342,D00510
Q421375,D01352
Q421475,C07813
Q421576,D03997
Q421663,D00535
Q421729,C18448
Q421766,C19362
Q421768,C07198
Q421920,D00697
Q421934,D02561
Q422044,C10788
Q422226,D00592
Q422252,D00292
Q422273,C06914
Q422327,D01790
Q422423,C01324
Q422482,D08013
Q422590,C08281
Q422606,D00296
Q422665,D00145
Q422724,D00231
Q422745,D00552
Q422755,C14866
Q423005,D00534
Q423071,D00550
Q423091,C18596
Q423133,C00580
Q423437,D00234
Q423439,D07661
Q423445,C06909
Q423498,D00394
Q423721,C01857
Q423746,D08454
Q423787,D08380
Q423804,D01115
Q423922,C02575
Q423992,C13718
Q424000,C15562
Q424037,D01710
Q424156,D02008
Q424165,D00418
Q424167,D00321
Q424193,D08120
Q424223,C15513
Q424238,D01745
Q424297,D00492
Q424378,D00766
Q424788,D01797
Q424952,D00432
Q424986,D00372
Q425109,D08578
Q425223,C07228
Q425330,C19462
Q425555,C06695
Q425681,D04687
Q426070,D07853
Q426111,C19166
Q426269,D07131
Q426401,D01671
Q426660,D03600
Q426819,C01408
Q429022,C19517
Q430194,D09345
Q471763,D00227
Q474630,D07446
Q474880,C04931
Q483745,D00030
Q485277,D00032
Q513583,D01281
Q531965,D01374
Q102769,D01169
Q104334,C01353
Q319541,C00463
Q326224,D00570
Q328692,C01589
Q695442,D07568
Q719694,D07318
Q754622,D07138
Q754986,D08379
Q937551,D06097
Q947595,C07634
Q972076,C13667
Q979521,D08143
Q1851162,D00746
Q1854296,C19204
Q1865134,C18655
Q2168450,C14297
Q2319112,D03512
Q2526386,D08676
Q3058018,C09263
Q3077150,D01051
Q3077242,C19181
Q3138539,C00519
Q3277932,C18599
Q3290792,D01900
Q3291707,C07215
Q3295808,C19191
Q3704725,D07423
Q3712521,D00647
Q3747524,D04242
Q6961789,C16000
Q15633921,D02804
Q79739,C01770
Q81225,D08233
Q111812,D07751
Q119915,C06199
Q347613,D02709
Q348260,D02597
Q377339,C19309
Q380055,D05915
Q385140,C00108
Q387505,C09473
Q389496,D09321
Q851813,D04985
Q2442512,C14317
Q2458673,D01332
Q3614672,D01397
Q4202805,D01893
Q4383636,D04208
Q4385221,D01268
Q4386534,C13668
Q4388537,D01535
Q4463719,D07199
Q4596859,C04807
Q4596904,C13665
Q4634124,C01163
Q4634147,C11511
Q4637188,C03474
Q4637205,C19310
Q4642864,C07756
Q7250158,D07430
Q7272223,D05677
Q8042940,D06330
Q155683,D01125
Q167934,C00780
Q168685,C18728
Q170545,D00021
Q171721,C14783
Q176486,C14219
Q176533,D07122
Q178566,D00267
Q179452,D07445
Q179996,D08195
Q220676,C19419
Q221123,C18586
Q221307,C12296
Q222936,C02659
Q223083,C01769
Q225543,C09840
Q229924,D00162
Q229976,D01647
Q229987,D01400
Q238569,C16199
Q239816,C04599
Q241374,D00734
Q241992,D04200
Q243992,C14275
Q248466,C08073
Q266321,D01854
Q300928,C09882
Q302204,C05042
Q303646,D08047
Q307434,C00021
Q665455,C02037
Q824174,D01754
Q862414,D01594
Q867308,D03621
Q867350,D07699
Q903311,C00490
Q903345,C05986
Q903525,C12307
Q903881,C00546
Q904071,D05077
Q904308,D00575
Q904647,D03711
Q905418,D01734
Q907623,D08276
Q908840,C18587
Q917803,C11033
Q1087499,D01322
Q1089204,C01987
Q1994982,D08161
Q1996249,D03068
Q2000876,D01282
Q2204769,C18662
Q2254797,D01111
Q2257591,C10999
Q2276931,C19141
Q2364943,D01787
Q2365016,D08011
Q2374514,D02560
Q2397253,D04650
Q2412605,D01152
Q2419291,D01474
Q2541149,C00534
Q2546851,C19495
Q2606497,D07543
Q2636110,D01339
Q2697578,D07967
Q3026533,C18398
Q3027880,C00579
Q3033497,D03884
Q3395266,D02618
Q3530618,D02559
Q3742487,D07095
Q3742488,D04161
Q3771944,D09912
Q3791611,D07268
Q3791612,D00648
Q3798312,D03111
Q3798358,D04530
Q3800087,D08183
Q3993743,D08620
Q3995932,D02317
Q4012999,D07295
Q4083674,D07498
Q4143336,D08042
Q4161314,C11782
Q4165880,D01588
Q4177438,D03265
Q5031083,C08270
Q5133651,D07714
Q5134761,D07115
Q5134875,D03546
Q5135028,D03555
Q5135114,D02460
Q5200296,D03631
Q5210829,D00853
Q5249594,D03667
Q5252386,D00828
Q5253067,D09330
Q5256388,D07228
Q5260984,D07404
Q5263885,D08194
Q5268320,D03981
Q5276437,C02147
Q5277302,D02565
Q5279734,D03858
Q5283665,C18826
Q5284770,D07366
Q5297311,D03891
Q5308700,D07391
Q5340236,D09710
Q5370378,D07224
Q5379350,D01633
Q5379483,D01891
Q5382029,D01688
Q5383939,D07379
Q5384747,C14131
Q5399299,D09340
Q5402380,D01440
Q5402412,D07378
Q5404460,D01293
Q5437132,D07941
Q5443510,D04153
Q5443567,D07372
Q5446286,D04181
Q5459999,D07963
Q5462356,D04197
Q5462605,D02621
Q5462632,D00328
Q5462793,D04218
Q5462935,D01286
Q5462983,D01279
Q5572563,D01947
Q5572593,D01799
Q5572598,D07358
Q5641126,D00338
Q6062189,D01313
Q6062197,D01181
Q6062203,D04563
Q6062332,D01312
Q6063892,D04582
Q6065438,D07338
Q6072197,D04614
Q6086595,D04637
Q6094884,D07157
Q6680282,D04780
Q6881893,D07258
Q6912761,D05078
Q7302580,D05710
Q7307897,D05711
Q7312052,D10055
Q7316645,D05720
Q7799637,D06117
Q7800109,D06127
Q7800304,D02699
Q7800731,D06139
Q7801294,D02694
Q7842197,C07174
Q7845588,C10848
Q7808755,D07211
Q7851973,D06258
Q7810486,D08610
Q7814247,D06181
Q7814620,D02323
Q7860340,D03261
Q7912612,D09197
Q544767,D03777
Q544834,D07341
Q546957,C19187
Q548286,D07256
Q553220,D04049
Q553223,D07917
Q576630,C19196
Q577387,D01366
Q592947,D04195
Q593166,D08226
Q596022,D03752
Q596708,D04370
Q600951,D06341
Q607775,C03969
Q613394,C14439
Q617563,D03634
Q731525,D01173
Q732234,D04227
Q757060,C18524
Q924467,D01825
Q931315,D08942
Q992192,C14271
Q1003185,D00946
Q999767,D07185
Q999805,D00508
Q999936,D01305
Q1113346,D07059
Q1169059,D02683
Q1176294,D01382
Q1218578,D07384
Q1231814,D01458
Q1421936,D03083
Q1435627,D02736
Q1478199,D08462
Q1490905,D08007
Q1639291,C05080
Q1639616,D00310
Q1640947,D08354
Q1953888,C00633
Q2187383,C11095
Q2285491,C18577
Q2288772,C05610
Q2304195,D01344
Q2622907,D01485
Q2629377,C01042
Q2964148,C19075
Q3359071,D07401
Q3604531,D01099
Q3678806,D09328
Q3868794,D05093
Q3896970,D10147
Q3905617,D01634
Q3906700,D00468
Q3976817,D08534
Q4130924,D04282
Q4890915,D09705
Q4919176,D07629
Q4973047,D07238
Q4982752,D01809
Q5161126,D01236
Q5198674,D07758
Q5548658,D07150
Q5613557,D08029
Q5613765,C03065
Q5675567,D09391
Q5746710,D01074
Q6395335,D04649
Q6553500,C19123
Q6554730,D04741
Q6586709,C10541
Q6586877,D07164
Q6577293,D01954
Q6577298,D07240
Q6704972,D04821
Q6804368,D01807
Q6804380,D07172
Q6807292,D02289
Q6810940,D07225
Q6817833,D06673
Q6823309,D00773
Q6823919,D00656
Q7050955,D07127
Q7051181,D05209
Q7076760,C06830
Q7115903,D08320
Q7115929,D08321
Q7116436,D08327
Q7334443,D05729
Q7340759,D10056
Q7782198,D07155
Q7784646,D08584
Q7940537,D06319
Q11777407,D07394
Q15408411,D09607
Q15410168,D06669
Q15410178,D06087
Q10859673,C16452
Q10853851,C17156
Q10910504,D08032
Q15303190,D03061
